Date,Open,High,Low,Close,Adj. Close,Change,Volume,52_Week_High,52_Week_Low,Cash_H,Portfolio_H,Cash_M,Portfolio_M,Cash_S,Portfolio_S
2022-07-05,12.97,14.4,12.657,14.38,14.38,9.19%,28853186,,,-4989.860000000001,347.0,-4989.860000000001,347.0,-4989.860000000001,347.0
2022-07-06,14.35,14.61,14.06,14.28,14.28,-0.70%,23266266,,,-4992.2361238095245,347.0,-4992.2361238095245,347.0,-4992.2361238095245,347.0
2022-07-07,14.4,15.115,14.28,15.1,15.1,5.74%,25460942,,,-4994.613379106577,347.0,-4994.613379106577,347.0,-4994.613379106577,347.0
2022-07-08,14.75,15.3,14.61,14.96,14.96,-0.93%,21290728,,,-4996.991766429961,347.0,-4996.991766429961,347.0,-4996.991766429961,347.0
2022-07-11,14.59,14.84,14.0,14.06,14.06,-6.02%,21539726,,,-4999.3712863187375,347.0,-4999.3712863187375,347.0,-4999.3712863187375,347.0
2022-07-12,14.24,14.59,13.76,14.04,14.04,-0.14%,24850912,,,-5001.751939312223,347.0,-5001.751939312223,347.0,-5001.751939312223,347.0
2022-07-13,13.74,14.245,13.42,13.83,13.83,-1.50%,24333666,,,-5004.133725949991,347.0,-5004.133725949991,347.0,-5004.133725949991,347.0
2022-07-14,13.79,13.87,13.15,13.17,13.17,-4.77%,24256668,,,-5006.516646771872,347.0,-5006.516646771872,347.0,-5006.516646771872,347.0
2022-07-15,13.5,14.09,13.45,13.65,13.65,3.64%,38346822,,,-5008.900702317954,347.0,-5022.550702317953,348.0,-5008.900702317954,347.0
2022-07-18,13.87,14.545,13.8,13.92,13.92,1.98%,44254873,,,-5011.285893128582,347.0,-5024.942393128581,348.0,-5011.285893128582,347.0
2022-07-19,13.97,14.22,13.46,14.15,14.15,1.65%,34902354,,,-5013.672219744358,347.0,-5027.335222839594,348.0,-5013.672219744358,347.0
2022-07-20,14.52,15.64,14.41,15.51,15.51,9.61%,47768366,,,-5016.059682706141,347.0,-5029.729191993328,348.0,-5016.059682706141,347.0
2022-07-21,15.54,16.545,15.47,16.35,16.35,5.42%,116754651,,,-5018.4482825550485,347.0,-5032.124301132372,348.0,-5018.4482825550485,347.0
2022-07-22,11.1,11.11,9.91,9.96,9.96,-39.08%,330993902,,,-5020.838019832456,347.0,-5034.520550799578,348.0,-5020.838019832456,347.0
2022-07-25,9.73,10.13,9.66,9.95,9.95,-0.10%,137819174,,,-5023.228895079995,347.0,-5036.917941538054,348.0,-5023.228895079995,347.0
2022-07-26,9.78,9.93,9.63,9.63,9.63,-3.22%,94591194,,,-5025.620908839556,347.0,-5039.316473891167,348.0,-5025.620908839556,347.0
2022-07-27,9.71,9.84,9.38,9.55,9.55,-0.83%,120729262,,,-5028.014061653289,347.0,-5041.716148402544,348.0,-5028.014061653289,347.0
2022-07-28,9.55,9.92,9.34,9.67,9.67,1.26%,97531247,,,-5030.4083540636,347.0,-5044.116965616069,348.0,-5030.4083540636,347.0
2022-07-29,9.67,9.93,9.47,9.88,9.88,2.17%,74531443,,,-5032.803786613154,347.0,-5046.518926075886,348.0,-5032.803786613154,347.0
2022-08-01,9.81,9.82,9.5,9.54,9.54,-3.44%,50125564,,,-5035.200359844875,347.0,-5048.922030326398,348.0,-5035.200359844875,347.0
2022-08-02,9.55,10.13,9.51,9.87,9.87,3.46%,66355619,,,-5037.598074301944,347.0,-5051.326278912268,348.0,-5037.598074301944,347.0
2022-08-03,9.92,10.49,9.92,10.32,10.32,4.56%,61691372,,,-5039.996930527802,347.0,-5053.731672378417,348.0,-5039.996930527802,347.0
2022-08-04,10.33,10.56,10.1,10.25,10.25,-0.68%,48277994,,,-5042.396929066148,347.0,-5056.138211270026,348.0,-5042.396929066148,347.0
2022-08-05,10.08,10.35,9.98,10.18,10.18,-0.68%,37576023,,,-5044.798070460942,347.0,-5058.545896132535,348.0,-5044.798070460942,347.0
2022-08-08,10.25,10.8,10.17,10.41,10.41,2.26%,49276029,,,-5047.200355256399,347.0,-5060.954727511646,348.0,-5047.200355256399,347.0
2022-08-09,10.24,10.295,10.02,10.16,10.16,-2.40%,33603602,,,-5049.603783996998,347.0,-5063.364705953318,348.0,-5049.603783996998,347.0
2022-08-10,10.46,10.87,10.4,10.57,10.57,4.04%,50989838,,,-5052.0083572274725,347.0,-5065.775832003772,348.0,-5052.0083572274725,347.0
2022-08-11,10.84,11.8,10.82,11.11,11.11,5.11%,67195966,,,-5054.4140754928185,347.0,-5068.188106209488,348.0,-5054.4140754928185,347.0
2022-08-12,11.31,11.64,11.13,11.62,11.62,4.59%,40840880,,,-5056.820939338291,347.0,-5070.601529117207,348.0,-5056.820939338291,347.0
2022-08-15,11.61,12.388,11.56,12.24,12.24,5.34%,63880269,,,-5059.228949309405,347.0,-5085.25610127393,349.0,-5059.228949309405,347.0
2022-08-16,12.4,12.73,12.0,12.61,12.61,3.02%,67364862,,,-5061.6381059519335,347.0,-5087.677651798346,349.0,-5061.6381059519335,347.0
2022-08-17,12.25,12.32,11.64,12.09,12.09,-4.12%,69571330,,,-5064.0484098119105,347.0,-5090.1003554420595,349.0,-5064.0484098119105,347.0
2022-08-18,12.02,12.78,11.83,12.56,12.56,3.89%,62750425,,,-5066.45986143563,347.0,-5092.524212754175,349.0,-5066.45986143563,347.0
2022-08-19,12.2,12.255,11.51,11.56,11.56,-7.96%,46400993,,,-5068.872461369647,347.0,-5094.949224284058,349.0,-5068.872461369647,347.0
2022-08-22,11.04,11.35,10.89,11.01,11.01,-4.76%,41173220,,,-5071.286210160775,347.0,-5097.375390581336,349.0,-5071.286210160775,347.0
2022-08-23,11.025,11.16,10.54,10.6,10.6,-3.72%,34913739,,,-5073.70110835609,347.0,-5099.802712195899,349.0,-5073.70110835609,347.0
2022-08-24,10.68,11.02,10.63,10.86,10.86,2.45%,27794619,,,-5076.117156502926,347.0,-5102.231189677897,349.0,-5076.117156502926,347.0
2022-08-25,11.03,11.24,10.8,11.21,11.21,3.22%,31252692,,,-5078.53435514888,347.0,-5104.660823577744,349.0,-5078.53435514888,347.0
2022-08-26,11.23,11.34,10.56,10.67,10.67,-4.82%,35219519,,,-5080.952704841809,347.0,-5107.091614446114,349.0,-5080.952704841809,347.0
2022-08-29,10.485,10.825,10.27,10.27,10.27,-3.75%,29193597,,,-5083.372206129829,347.0,-5109.523562833946,349.0,-5083.372206129829,347.0
2022-08-30,10.43,10.59,9.85,10.01,10.01,-2.53%,59438159,,,-5085.792859561319,347.0,-5111.956669292438,349.0,-5085.792859561319,347.0
2022-08-31,11.25,11.6,10.2,10.88,10.88,8.69%,199520675,,,-5088.21466568492,347.0,-5114.390934373054,349.0,-5088.21466568492,347.0
2022-09-01,10.94,11.67,10.78,11.64,11.64,6.99%,80012360,,,-5090.637625049531,347.0,-5116.826358627517,349.0,-5090.637625049531,347.0
2022-09-02,11.75,11.78,11.18,11.22,11.22,-3.61%,45734924,,,-5093.0617382043165,347.0,-5119.262942607816,349.0,-5093.0617382043165,347.0
2022-09-06,11.27,11.28,10.67,10.77,10.77,-4.01%,37313818,,,-5095.487005698699,347.0,-5121.7006868662,349.0,-5095.487005698699,347.0
2022-09-07,10.82,11.66,10.7,11.46,11.46,6.41%,59443031,,,-5097.9134280823655,347.0,-5124.139591955184,349.0,-5097.9134280823655,347.0
2022-09-08,11.32,12.68,11.31,12.53,12.53,9.34%,84685247,,,-5100.341005905262,347.0,-5126.579658427544,349.0,-5100.341005905262,347.0
2022-09-09,12.45,12.91,12.36,12.65,12.65,0.96%,54653533,,,-5102.769739717598,347.0,-5129.020886836319,349.0,-5102.769739717598,347.0
2022-09-12,12.69,12.94,12.44,12.65,12.65,,32375101,,,-5105.199630069845,347.0,-5131.463277734812,349.0,-5105.199630069845,347.0
2022-09-13,11.95,12.17,11.575,11.77,11.77,-6.96%,34931444,,,-5107.630677512735,347.0,-5133.906831676591,349.0,-5107.630677512735,347.0
2022-09-14,11.66,11.721,11.27,11.52,11.52,-2.12%,32801202,,,-5110.062882597265,347.0,-5136.351549215484,349.0,-5110.062882597265,347.0
2022-09-15,11.43,12.25,11.31,11.9,11.9,3.30%,46012535,,,-5112.496245874692,347.0,-5150.697430905586,350.0,-5112.496245874692,347.0
2022-09-16,11.7,11.7,11.27,11.3,11.3,-5.04%,42384869,,,-5114.930767896537,347.0,-5153.150143967922,350.0,-5114.930767896537,347.0
2022-09-19,11.13,11.41,10.901,11.35,11.35,0.44%,32212491,,,-5117.366449214583,347.0,-5155.604024988859,350.0,-5117.366449214583,347.0
2022-09-20,11.19,11.38,11.01,11.12,11.12,-2.03%,25296260,,,-5119.803290380875,347.0,-5158.059074524568,350.0,-5119.803290380875,347.0
2022-09-21,11.21,11.488,10.835,10.85,10.85,-2.43%,30721603,,,-5122.241291947724,347.0,-5160.515293131484,350.0,-5122.241291947724,347.0
2022-09-22,10.85,11.0,10.35,10.46,10.46,-3.59%,28247985,,,-5124.680454467699,347.0,-5162.972681366308,350.0,-5124.680454467699,347.0
2022-09-23,10.32,10.555,10.15,10.32,10.32,-1.34%,24400260,,,-5127.120778493636,347.0,-5165.431239786007,350.0,-5127.120778493636,347.0
2022-09-26,10.3,10.6,10.1,10.18,10.18,-1.36%,23510798,,,-5129.5622645786325,347.0,-5167.89096894781,350.0,-5129.5622645786325,347.0
2022-09-27,10.36,10.73,10.19,10.45,10.45,2.65%,22067405,,,-5132.0049132760505,347.0,-5170.351869409214,350.0,-5132.0049132760505,347.0
2022-09-28,10.42,10.79,10.4,10.76,10.76,2.97%,18536690,,,-5134.448725139515,347.0,-5172.81394172798,350.0,-5134.448725139515,347.0
2022-09-29,10.54,10.61,10.0,10.19,10.19,-5.30%,22950026,,,-5136.893700722914,347.0,-5175.277186462136,350.0,-5136.893700722914,347.0
2022-09-30,10.16,10.33,9.805,9.82,9.82,-3.63%,29121853,,,-5139.339840580401,347.0,-5177.741604169975,350.0,-5139.339840580401,347.0
2022-10-03,9.96,10.03,9.42,9.98,9.98,1.63%,27802799,,,-5141.787145266391,347.0,-5180.207195410057,350.0,-5141.787145266391,347.0
2022-10-04,10.3,10.82,10.25,10.82,10.82,8.42%,34439906,,,-5144.235615335566,347.0,-5182.673960741205,350.0,-5144.235615335566,347.0
2022-10-05,10.85,11.22,10.57,11.2,11.2,3.51%,28941995,,,-5146.6852513428685,347.0,-5185.14190072251,350.0,-5146.6852513428685,347.0
2022-10-06,11.3,11.85,11.27,11.35,11.35,1.34%,31833674,,,-5149.136053843508,347.0,-5187.61101591333,350.0,-5149.136053843508,347.0
2022-10-07,10.98,11.08,10.505,10.66,10.66,-6.08%,22935497,,,-5151.588023392957,347.0,-5190.08130687329,350.0,-5151.588023392957,347.0
2022-10-10,10.62,10.655,10.325,10.41,10.41,-2.35%,19463818,,,-5154.041160546954,347.0,-5192.552774162277,350.0,-5154.041160546954,347.0
2022-10-11,10.37,10.6,9.83,10.31,10.31,-0.96%,32994231,,,-5156.495465861501,347.0,-5195.0254183404495,350.0,-5156.495465861501,347.0
2022-10-12,10.3,10.555,10.01,10.51,10.51,1.94%,31567865,,,-5158.950939892863,347.0,-5197.4992399682305,350.0,-5158.950939892863,347.0
2022-10-13,10.08,10.65,9.63,10.58,10.58,0.67%,40447910,,,-5161.407583197574,347.0,-5199.97423960631,350.0,-5161.407583197574,347.0
2022-10-14,10.83,11.02,9.97,9.99,9.99,-5.58%,27528539,,,-5163.8653963324305,347.0,-5202.450417815647,350.0,-5163.8653963324305,347.0
2022-10-17,10.28,10.88,10.27,10.59,10.59,6.01%,40747298,,,-5166.324379854494,347.0,-5204.927775157464,350.0,-5166.324379854494,347.0
2022-10-18,10.96,11.135,10.54,10.6,10.6,0.09%,38453894,,,-5168.784534321091,347.0,-5207.406312193253,350.0,-5168.784534321091,347.0
2022-10-19,10.82,11.395,10.66,10.86,10.86,2.45%,52275628,,,-5171.245860289815,347.0,-5209.886029484774,350.0,-5171.245860289815,347.0
2022-10-20,10.9,11.36,10.62,10.79,10.79,-0.64%,125477838,,,-5173.708358318525,347.0,-5212.366927594052,350.0,-5173.708358318525,347.0
2022-10-21,7.76,8.15,7.33,7.76,7.76,-28.08%,244675854,,,-5176.172028965343,347.0,-5214.849007083382,350.0,-5176.172028965343,347.0
2022-10-24,7.58,8.57,7.49,8.31,8.31,7.09%,161717547,,,-5178.63687278866,347.0,-5217.332268515327,350.0,-5178.63687278866,347.0
2022-10-25,8.3,9.8,8.26,9.6,9.6,15.52%,142016404,,,-5181.102890347131,347.0,-5219.816712452715,350.0,-5181.102890347131,347.0
2022-10-26,9.3,10.04,9.26,9.58,9.58,-0.21%,104774021,,,-5183.570082199677,347.0,-5222.302339458645,350.0,-5183.570082199677,347.0
2022-10-27,9.57,9.85,9.35,9.56,9.56,-0.21%,80703958,,,-5186.038448905487,347.0,-5224.789150096482,350.0,-5186.038448905487,347.0
2022-10-28,9.65,10.1,9.6,10.08,10.08,5.44%,54030304,,,-5188.507991024013,347.0,-5227.277144929862,350.0,-5188.507991024013,347.0
2022-10-31,10.04,10.325,9.7,9.91,9.91,-1.69%,33479349,,,-5190.9787091149765,347.0,-5229.766324522685,350.0,-5190.9787091149765,347.0
2022-11-01,10.23,10.65,9.8,10.25,10.25,3.43%,78222290,,,-5193.450603738364,347.0,-5232.256689439124,350.0,-5193.450603738364,347.0
2022-11-02,10.26,10.3,9.51,9.54,9.54,-6.93%,53841396,,,-5195.92367545443,347.0,-5234.748240243619,350.0,-5195.92367545443,347.0
2022-11-03,9.4,9.54,9.13,9.16,9.16,-3.98%,32201610,,,-5198.397924823694,347.0,-5237.240977500878,350.0,-5198.397924823694,347.0
2022-11-04,9.34,9.43,8.88,9.14,9.14,-0.22%,33927036,,,-5200.873352406943,347.0,-5239.734901775879,350.0,-5200.873352406943,347.0
2022-11-07,9.4,10.02,9.34,10.01,10.01,9.52%,37935982,,,-5203.349958765232,347.0,-5242.230013633867,350.0,-5203.349958765232,347.0
2022-11-08,10.01,10.3,9.82,10.28,10.28,2.70%,33869945,,,-5205.8277444598825,347.0,-5244.72631364036,350.0,-5205.8277444598825,347.0
2022-11-09,10.25,10.25,9.33,9.56,9.56,-7.00%,34557798,,,-5208.306710052482,347.0,-5247.223802361141,350.0,-5208.306710052482,347.0
2022-11-10,10.06,10.83,9.77,10.73,10.73,12.24%,54710905,,,-5210.786856104888,347.0,-5249.722480362265,350.0,-5210.786856104888,347.0
2022-11-11,10.7,11.82,10.53,11.58,11.58,7.92%,51036869,,,-5213.268183179223,347.0,-5252.222348210056,350.0,-5213.268183179223,347.0
2022-11-14,11.45,11.65,11.2,11.29,11.29,-2.50%,31516885,,,-5215.75069183788,347.0,-5254.723406471108,350.0,-5215.75069183788,347.0
2022-11-15,11.76,11.96,11.47,11.78,11.78,4.34%,41978092,,,-5218.234382643517,347.0,-5269.005655712284,351.0,-5218.234382643517,347.0
2022-11-16,11.6,11.775,11.0,11.07,11.07,-6.03%,31818270,,,-5220.719256159062,347.0,-5271.514706024528,351.0,-5220.719256159062,347.0
2022-11-17,10.75,11.02,10.67,10.92,10.92,-1.36%,18704252,,,-5223.205312947709,347.0,-5274.024951122635,351.0,-5223.205312947709,347.0
2022-11-18,11.06,11.12,10.5,10.52,10.52,-3.66%,23502588,,,-5225.692553572922,347.0,-5276.536391575551,351.0,-5225.692553572922,347.0
2022-11-21,10.41,10.45,9.84,9.96,9.96,-5.32%,28990825,,,-5228.180978598433,347.0,-5279.049027952491,351.0,-5228.180978598433,347.0
2022-11-22,9.97,10.0,9.702,9.91,9.91,-0.50%,25742779,,,-5230.670588588242,347.0,-5281.5628608229445,351.0,-5230.670588588242,347.0
2022-11-23,9.98,10.48,9.92,10.32,10.32,4.14%,21053697,,,-5233.161384106617,347.0,-5284.07789075667,351.0,-5233.161384106617,347.0
2022-11-25,10.14,10.37,10.115,10.18,10.18,-1.36%,8242501,,,-5235.653365718097,347.0,-5286.594118323697,351.0,-5235.653365718097,347.0
2022-11-28,10.08,10.135,9.75,9.84,9.84,-3.34%,25209846,,,-5238.146533987487,347.0,-5289.111544094328,351.0,-5238.146533987487,347.0
2022-11-29,9.89,9.987,9.73,9.82,9.82,-0.20%,15519566,,,-5240.6408894798615,347.0,-5291.630168639134,351.0,-5240.6408894798615,347.0
2022-11-30,9.84,10.32,9.65,10.31,10.31,4.99%,45284278,,,-5243.136432760566,347.0,-5294.149992528963,351.0,-5243.136432760566,347.0
2022-12-01,10.31,11.07,10.27,10.87,10.87,5.43%,46607903,,,-5245.633164395214,347.0,-5296.671016334929,351.0,-5245.633164395214,347.0
2022-12-02,10.535,10.75,10.32,10.5,10.5,-3.40%,32239395,,,-5248.131084949689,347.0,-5299.193240628421,351.0,-5248.131084949689,347.0
2022-12-05,10.41,10.69,10.04,10.1,10.1,-3.81%,19332881,,,-5250.630194990141,347.0,-5301.716665981102,351.0,-5250.630194990141,347.0
2022-12-06,10.07,10.07,9.15,9.42,9.42,-6.73%,43349626,,,-5253.130495082994,347.0,-5304.241292964903,351.0,-5253.130495082994,347.0
2022-12-07,9.36,9.63,9.29,9.3,9.3,-1.27%,26051647,,,-5255.6319857949375,347.0,-5306.767122152029,351.0,-5255.6319857949375,347.0
2022-12-08,9.49,9.74,9.35,9.4,9.4,1.08%,17793986,,,-5258.134667692935,347.0,-5309.2941541149585,351.0,-5258.134667692935,347.0
2022-12-09,9.16,9.618,9.01,9.45,9.45,0.53%,19248309,,,-5260.638541344218,347.0,-5311.822389426442,351.0,-5260.638541344218,347.0
2022-12-12,9.47,9.69,9.26,9.46,9.46,0.11%,25264855,,,-5263.143607316286,347.0,-5314.351828659503,351.0,-5263.143607316286,347.0
2022-12-13,9.94,10.19,9.4,9.41,9.41,-0.53%,51001967,,,-5265.649866176913,347.0,-5316.882472387436,351.0,-5265.649866176913,347.0
2022-12-14,9.44,9.915,9.33,9.54,9.54,1.38%,30008670,,,-5268.15731849414,347.0,-5319.414321183811,351.0,-5268.15731849414,347.0
2022-12-15,9.16,9.2,8.58,8.76,8.76,-8.18%,49291677,,,-5270.66596483628,347.0,-5330.70737562247,352.0,-5270.66596483628,347.0
2022-12-16,8.79,9.01,8.36,8.47,8.47,-3.31%,32739509,,,-5273.175805771916,347.0,-5333.2458077061,352.0,-5273.175805771916,347.0
2022-12-19,8.4,8.45,8.13,8.19,8.19,-3.31%,20680503,,,-5275.686841869903,347.0,-5335.785448566912,352.0,-5275.686841869903,347.0
2022-12-20,8.09,8.51,8.05,8.21,8.21,0.24%,19249949,,,-5278.199073699365,347.0,-5338.326298780516,352.0,-5278.199073699365,347.0
2022-12-21,8.26,8.69,8.14,8.64,8.64,5.24%,24570716,,,-5280.712501829697,347.0,-5340.868358922792,352.0,-5280.712501829697,347.0
2022-12-22,8.45,8.7,8.22,8.68,8.68,0.46%,29281956,,,-5283.2271268305685,347.0,-5343.411629569899,352.0,-5283.2271268305685,347.0
2022-12-23,8.67,8.76,8.505,8.58,8.58,-1.15%,16985967,,,-5285.742949271917,347.0,-5345.956111298266,352.0,-5285.742949271917,347.0
2022-12-27,8.4,8.69,8.265,8.56,8.56,-0.23%,26829300,,,-5288.259969723951,347.0,-5348.501804684598,352.0,-5288.259969723951,347.0
2022-12-28,8.44,8.709,8.39,8.55,8.55,-0.12%,18172717,,,-5290.778188757153,347.0,-5351.048710305877,352.0,-5290.778188757153,347.0
2022-12-29,8.635,8.96,8.53,8.81,8.81,3.04%,30669922,,,-5293.297606942275,347.0,-5353.596828739356,352.0,-5293.297606942275,347.0
2022-12-30,8.57,8.95,8.521,8.95,8.95,1.59%,16248843,,,-5295.818224850343,347.0,-5356.1461605625655,352.0,-5295.818224850343,347.0
2023-01-03,9.15,9.28,8.69,8.85,8.85,-1.12%,15548377,,,-5298.340043052653,347.0,-5358.696706353309,352.0,-5298.340043052653,347.0
2023-01-04,9.15,9.31,9.0,9.3,9.3,5.08%,26092702,,,-5300.863062120773,347.0,-5361.248466689668,352.0,-5300.863062120773,347.0
2023-01-05,9.15,9.37,8.92,9.14,9.14,-1.72%,21043997,,,-5303.387282626545,347.0,-5363.801442149997,352.0,-5303.387282626545,347.0
2023-01-06,9.22,9.445,8.9,9.22,9.22,0.88%,24456909,,,-5305.912705142082,347.0,-5366.355633312925,352.0,-5305.912705142082,347.0
2023-01-09,9.39,9.52,9.2,9.2,9.2,-0.22%,16666167,,,-5308.439330239768,347.0,-5368.91104075736,352.0,-5308.439330239768,347.0
2023-01-10,9.12,9.438,9.09,9.42,9.42,2.39%,18594054,,,-5310.9671584922635,347.0,-5371.467665062482,352.0,-5310.9671584922635,347.0
2023-01-11,9.46,9.75,9.3,9.66,9.66,2.55%,24151823,,,-5313.496190472498,347.0,-5374.02550680775,352.0,-5313.496190472498,347.0
2023-01-12,9.75,9.91,9.355,9.64,9.64,-0.21%,21738612,,,-5316.026426753675,347.0,-5376.584566572897,352.0,-5316.026426753675,347.0
2023-01-13,9.5,9.815,9.4,9.8,9.8,1.66%,16051037,,,-5318.557867909272,347.0,-5379.144844937931,352.0,-5318.557867909272,347.0
2023-01-17,9.73,9.8,9.3,9.67,9.67,-1.33%,29736167,,,-5321.090514513038,347.0,-5381.706342483139,352.0,-5321.090514513038,347.0
2023-01-18,9.77,9.85,9.25,9.41,9.41,-2.69%,23576536,,,-5323.624367138997,347.0,-5384.269059789084,352.0,-5323.624367138997,347.0
2023-01-19,9.33,9.75,9.305,9.62,9.62,2.23%,23414566,,,-5326.159426361443,347.0,-5386.832997436602,352.0,-5326.159426361443,347.0
2023-01-20,9.69,10.0,9.475,9.99,9.99,3.85%,23493418,,,-5328.695692754949,347.0,-5389.3981560068105,352.0,-5328.695692754949,347.0
2023-01-23,9.96,10.37,9.795,10.2,10.2,2.10%,21301009,,,-5331.233166894356,347.0,-5391.964536081099,352.0,-5331.233166894356,347.0
2023-01-24,10.17,10.47,10.02,10.26,10.26,0.59%,21399113,,,-5333.771849354782,347.0,-5394.532138241138,352.0,-5333.771849354782,347.0
2023-01-25,10.0,10.07,9.51,9.67,9.67,-5.75%,43033276,,,-5336.311740711618,347.0,-5397.100963068871,352.0,-5336.311740711618,347.0
2023-01-26,9.99,10.34,9.89,10.19,10.19,5.38%,29750598,,,-5338.852841540528,347.0,-5399.671011146524,352.0,-5338.852841540528,347.0
2023-01-27,10.2,11.01,10.1,10.91,10.91,7.07%,52512148,,,-5341.395152417452,347.0,-5402.242283056594,352.0,-5341.395152417452,347.0
2023-01-30,10.8,11.16,10.69,11.09,11.09,1.65%,41466408,,,-5343.938673918603,347.0,-5404.814779381859,352.0,-5343.938673918603,347.0
2023-01-31,11.26,11.57,11.18,11.56,11.56,4.24%,73903209,,,-5346.483406620469,347.0,-5407.388500705374,352.0,-5346.483406620469,347.0
2023-02-01,10.07,10.47,9.85,10.37,10.37,-10.29%,118212417,,,-5349.029351099813,347.0,-5409.963447610472,352.0,-5349.029351099813,347.0
2023-02-02,10.8,11.68,10.62,11.4,11.4,9.93%,81750228,,,-5351.57650793367,347.0,-5412.539620680763,352.0,-5351.57650793367,347.0
2023-02-03,10.87,11.61,10.78,11.0,11.0,-3.51%,44759901,,,-5354.1248776993525,347.0,-5415.1170205001345,352.0,-5354.1248776993525,347.0
2023-02-06,10.91,12.17,10.87,12.07,12.07,9.73%,64353020,,,-5356.674460974447,347.0,-5417.695647652754,352.0,-5356.674460974447,347.0
2023-02-07,12.21,12.44,11.82,12.21,12.21,1.16%,53492269,,,-5359.225258336816,347.0,-5420.275502723065,352.0,-5359.225258336816,347.0
2023-02-08,12.17,12.29,11.55,11.56,11.56,-5.32%,33392460,,,-5361.777270364596,347.0,-5422.85658629579,352.0,-5361.777270364596,347.0
2023-02-09,11.8,11.83,10.89,10.98,10.98,-5.02%,34700508,,,-5364.330497636198,347.0,-5425.438898955931,352.0,-5364.330497636198,347.0
2023-02-10,10.8,10.939,10.48,10.65,10.65,-3.01%,25603783,,,-5366.8849407303105,347.0,-5428.022441288767,352.0,-5366.8849407303105,347.0
2023-02-13,10.8,11.15,10.63,10.71,10.71,0.56%,25883272,,,-5369.440600225897,347.0,-5430.607213879857,352.0,-5369.440600225897,347.0
2023-02-14,10.64,11.1,10.54,10.85,10.85,1.31%,29261654,,,-5371.997476702195,347.0,-5433.193217315038,352.0,-5371.997476702195,347.0
2023-02-15,10.85,11.28,10.82,11.26,11.26,3.78%,23132782,,,-5374.55557073872,347.0,-5447.040452180427,353.0,-5374.55557073872,347.0
2023-02-16,10.94,11.39,10.69,10.73,10.73,-4.71%,50141462,,,-5377.114882915263,347.0,-5449.63428096718,353.0,-5377.114882915263,347.0
2023-02-17,10.58,10.68,10.17,10.36,10.36,-3.45%,35737478,,,-5379.675413811889,347.0,-5452.229344910497,353.0,-5379.675413811889,347.0
2023-02-21,10.14,10.258,9.79,9.81,9.81,-5.31%,28713248,,,-5382.237164008942,347.0,-5454.82564459855,353.0,-5382.237164008942,347.0
2023-02-22,9.86,9.99,9.75,9.9,9.9,0.92%,17750226,,,-5384.800134087041,347.0,-5457.423180619788,353.0,-5384.800134087041,347.0
2023-02-23,10.05,10.24,9.881,10.1,10.1,2.02%,23914793,,,-5387.364324627083,347.0,-5460.02195356294,353.0,-5387.364324627083,347.0
2023-02-24,9.85,9.94,9.68,9.81,9.81,-2.87%,20102150,,,-5389.929736210239,347.0,-5462.6219640170175,353.0,-5389.929736210239,347.0
2023-02-27,10.08,10.25,9.82,9.88,9.88,0.71%,26116528,,,-5392.496369417958,347.0,-5465.223212571312,353.0,-5392.496369417958,347.0
2023-02-28,9.97,10.25,9.93,10.15,10.15,2.73%,32572909,,,-5395.064224831966,347.0,-5467.825699815393,353.0,-5395.064224831966,347.0
2023-03-01,10.15,10.33,10.029,10.14,10.14,-0.10%,22501930,,,-5397.633303034268,347.0,-5470.429426339115,353.0,-5397.633303034268,347.0
2023-03-02,9.9,10.14,9.881,10.1,10.1,-0.39%,17610115,,,-5400.203604607141,347.0,-5473.034392732609,353.0,-5400.203604607141,347.0
2023-03-03,10.19,10.7,10.17,10.65,10.65,5.45%,24543010,,,-5402.775130133145,347.0,-5475.6405995862915,353.0,-5402.775130133145,347.0
2023-03-06,10.87,12.175,10.83,11.66,11.66,9.48%,81523971,,,-5405.347880195112,347.0,-5478.248047490856,353.0,-5405.347880195112,347.0
2023-03-07,11.71,12.67,11.69,11.72,11.72,0.51%,67925807,,,-5407.9218553761575,347.0,-5480.85673703728,353.0,-5407.9218553761575,347.0
2023-03-08,11.28,11.49,10.98,11.05,11.05,-5.72%,36499491,,,-5410.49705625967,347.0,-5483.466668816822,353.0,-5410.49705625967,347.0
2023-03-09,11.08,11.35,10.58,10.66,10.66,-3.53%,25967083,,,-5413.073483429317,347.0,-5486.077843421021,353.0,-5413.073483429317,347.0
2023-03-10,10.65,10.7,10.22,10.34,10.34,-3.00%,23700967,,,-5415.651137469045,347.0,-5488.690261441698,353.0,-5415.651137469045,347.0
2023-03-13,10.19,10.51,9.95,10.23,10.23,-1.06%,27246631,,,-5418.230018963078,347.0,-5491.303923470956,353.0,-5418.230018963078,347.0
2023-03-14,10.55,10.7,10.19,10.37,10.37,1.37%,26552904,,,-5420.8101284959175,347.0,-5493.91883010118,353.0,-5420.8101284959175,347.0
2023-03-15,10.13,10.37,9.86,10.34,10.34,-0.29%,22619528,,,-5423.391466652344,347.0,-5506.874981925038,354.0,-5423.391466652344,347.0
2023-03-16,10.75,11.18,10.38,11.09,11.09,7.25%,52589457,,,-5425.974034017417,347.0,-5509.497303345002,354.0,-5425.974034017417,347.0
2023-03-17,10.87,10.95,10.4,10.7,10.7,-3.52%,34496173,,,-5428.557831176473,347.0,-5512.120873489453,354.0,-5428.557831176473,347.0
2023-03-20,10.75,10.919,10.47,10.66,10.66,-0.37%,17665605,,,-5431.142858715129,347.0,-5514.745692953019,354.0,-5431.142858715129,347.0
2023-03-21,10.75,11.47,10.73,11.38,11.38,6.75%,23426522,,,-5433.729117219279,347.0,-5517.371762330616,354.0,-5433.729117219279,347.0
2023-03-22,11.35,11.7,11.02,11.05,11.05,-2.90%,21179586,,,-5436.316607275097,347.0,-5519.9990822174395,354.0,-5436.316607275097,347.0
2023-03-23,11.56,12.11,11.16,11.39,11.39,3.08%,39608906,,,-5438.9053294690375,347.0,-5522.627653208971,354.0,-5438.9053294690375,347.0
2023-03-24,11.45,11.735,11.32,11.56,11.56,1.49%,19236663,,,-5441.495284387833,347.0,-5525.257475900976,354.0,-5441.495284387833,347.0
2023-03-27,11.65,12.09,11.56,11.74,11.74,1.56%,25453292,,,-5444.086472618494,347.0,-5527.8885508895,354.0,-5444.086472618494,347.0
2023-03-28,11.61,11.7,10.88,11.06,11.06,-5.79%,31806330,,,-5446.678894748312,347.0,-5530.520878770876,354.0,-5446.678894748312,347.0
2023-03-29,11.18,11.19,10.64,10.78,10.78,-2.53%,38808232,,,-5449.272551364858,347.0,-5533.154460141719,354.0,-5449.272551364858,347.0
2023-03-30,10.85,11.0,10.67,10.91,10.91,1.21%,22164168,,,-5451.867443055985,347.0,-5535.789295598929,354.0,-5451.867443055985,347.0
2023-03-31,10.92,11.26,10.805,11.21,11.21,2.75%,22284205,,,-5454.463570409821,347.0,-5538.425385739691,354.0,-5454.463570409821,347.0
2023-04-03,11.07,11.305,10.98,11.24,11.24,0.27%,15085383,,,-5457.060934014778,347.0,-5541.062731161472,354.0,-5457.060934014778,347.0
2023-04-04,11.34,11.47,10.88,11.0,11.0,-2.14%,18604093,,,-5459.659534459546,347.0,-5543.701332462025,354.0,-5459.659534459546,347.0
2023-04-05,10.85,10.9,10.33,10.39,10.39,-5.55%,21294505,,,-5462.259372333098,347.0,-5546.341190239387,354.0,-5462.259372333098,347.0
2023-04-06,10.35,10.69,10.23,10.56,10.56,1.64%,16512787,,,-5464.860448224686,347.0,-5548.982305091882,354.0,-5464.860448224686,347.0
2023-04-10,10.36,10.42,10.16,10.36,10.36,-1.89%,18457472,,,-5467.462762723841,347.0,-5551.624677618116,354.0,-5467.462762723841,347.0
2023-04-11,10.4,10.73,10.39,10.56,10.56,1.93%,19691792,,,-5470.066316420376,347.0,-5554.268308416982,354.0,-5470.066316420376,347.0
2023-04-12,10.69,10.78,10.36,10.62,10.62,0.57%,21840297,,,-5472.671109904386,347.0,-5556.913198087657,354.0,-5472.671109904386,347.0
2023-04-13,10.79,11.02,10.71,10.74,10.74,1.13%,18569680,,,-5475.277143766245,347.0,-5559.559347229604,354.0,-5475.277143766245,347.0
2023-04-14,10.67,10.95,10.55,10.69,10.69,-0.47%,19894848,,,-5477.88441859661,347.0,-5562.206756442571,354.0,-5477.88441859661,347.0
2023-04-17,10.6,10.88,10.57,10.88,10.88,1.78%,20550105,,,-5480.492934986418,347.0,-5564.8554263265905,354.0,-5480.492934986418,347.0
2023-04-18,11.15,11.34,11.01,11.04,11.04,1.47%,26453052,,,-5483.102693526887,347.0,-5567.505357481984,354.0,-5483.102693526887,347.0
2023-04-19,10.85,11.4,10.85,10.98,10.98,-0.54%,28011599,,,-5485.713694809519,347.0,-5570.156550509357,354.0,-5485.713694809519,347.0
2023-04-20,10.8,10.875,10.12,10.14,10.14,-7.65%,34102819,,,-5488.325939426096,347.0,-5572.809006009599,354.0,-5488.325939426096,347.0
2023-04-21,10.2,10.34,9.98,10.01,10.01,-1.28%,26418570,,,-5490.939427968679,347.0,-5575.462724583889,354.0,-5490.939427968679,347.0
2023-04-24,10.02,10.266,9.92,10.22,10.22,2.10%,15394572,,,-5493.554161029617,347.0,-5578.117706833691,354.0,-5493.554161029617,347.0
2023-04-25,10.19,10.33,10.125,10.16,10.16,-0.59%,18736750,,,-5496.170139201536,347.0,-5580.773953360755,354.0,-5496.170139201536,347.0
2023-04-26,10.4,10.4,9.81,9.88,9.88,-2.76%,36283085,,,-5498.787363077346,347.0,-5583.431464767117,354.0,-5498.787363077346,347.0
2023-04-27,10.14,10.7,9.87,10.5,10.5,6.28%,107216577,,,-5501.40583325024,347.0,-5586.090241655102,354.0,-5501.40583325024,347.0
2023-04-28,8.62,8.71,8.41,8.71,8.71,-17.05%,95969872,,,-5504.025550313692,347.0,-5588.750284627318,354.0,-5504.025550313692,347.0
2023-05-01,8.78,8.93,8.53,8.73,8.73,0.23%,42409911,,,-5506.646514861461,347.0,-5591.411594286665,354.0,-5506.646514861461,347.0
2023-05-02,8.58,8.67,8.27,8.31,8.31,-4.81%,41246424,,,-5509.268727487585,347.0,-5594.074171236325,354.0,-5509.268727487585,347.0
2023-05-03,8.28,8.35,8.02,8.07,8.07,-2.89%,40353934,,,-5511.892188786389,347.0,-5596.738016079771,354.0,-5511.892188786389,347.0
2023-05-04,8.04,8.09,7.86,7.91,7.91,-1.98%,29079577,,,-5514.516899352478,347.0,-5599.403129420762,354.0,-5514.516899352478,347.0
2023-05-05,8.03,8.31,7.9,8.23,8.23,4.05%,30314793,,,-5517.142859780741,347.0,-5602.069511863343,354.0,-5517.142859780741,347.0
2023-05-08,8.31,8.495,8.19,8.42,8.42,2.31%,21828090,,,-5519.770070666351,347.0,-5604.737164011849,354.0,-5519.770070666351,347.0
2023-05-09,8.26,8.36,8.15,8.27,8.27,-1.78%,21062740,,,-5522.398532604763,347.0,-5607.406086470903,354.0,-5522.398532604763,347.0
2023-05-10,8.49,8.73,8.42,8.7,8.7,5.20%,38351345,,,-5525.028246191718,347.0,-5610.0762798454125,354.0,-5525.028246191718,347.0
2023-05-11,8.67,8.8,8.56,8.75,8.75,0.57%,19587014,,,-5527.659212023237,347.0,-5612.747744740577,354.0,-5527.659212023237,347.0
2023-05-12,8.75,8.81,8.45,8.55,8.55,-2.29%,17644845,,,-5530.291430695629,347.0,-5615.420481761882,354.0,-5530.291430695629,347.0
2023-05-15,8.49,8.74,8.435,8.7,8.7,1.75%,16590345,,,-5532.924902805484,347.0,-5626.794491515102,355.0,-5532.924902805484,347.0
2023-05-16,8.59,8.69,8.395,8.61,8.61,-1.03%,20332750,,,-5535.559628949677,347.0,-5629.473917463442,355.0,-5535.559628949677,347.0
2023-05-17,8.73,9.39,8.7,9.37,9.37,8.83%,37859035,,,-5538.195609725368,347.0,-5632.154619328901,355.0,-5538.195609725368,347.0
2023-05-18,9.21,9.75,9.2,9.69,9.69,3.42%,32407429,,,-5540.832845729999,347.0,-5634.836597719058,355.0,-5540.832845729999,347.0
2023-05-19,9.58,9.73,9.48,9.72,9.72,0.31%,19546381,,,-5543.471337561298,347.0,-5637.519853241782,355.0,-5543.471337561298,347.0
2023-05-22,9.73,9.97,9.665,9.76,9.76,0.41%,17640569,,,-5546.11108581728,347.0,-5640.20438650523,355.0,-5546.11108581728,347.0
2023-05-23,9.68,9.92,9.62,9.8,9.8,0.41%,14442495,,,-5548.75209109624,347.0,-5642.8901981178515,355.0,-5548.75209109624,347.0
2023-05-24,9.68,9.93,9.61,9.8,9.8,,13300459,,,-5551.394353996762,347.0,-5645.577288688384,355.0,-5551.394353996762,347.0
2023-05-25,9.92,10.069,9.77,9.78,9.78,-0.20%,18990989,,,-5554.037875117713,347.0,-5648.265658825855,355.0,-5554.037875117713,347.0
2023-05-26,9.87,10.4,9.84,10.28,10.28,5.11%,20385422,,,-5556.6826550582455,347.0,-5650.955309139582,355.0,-5556.6826550582455,347.0
2023-05-30,10.39,10.54,10.13,10.22,10.22,-0.58%,20578322,,,-5559.328694417797,347.0,-5653.646240239173,355.0,-5559.328694417797,347.0
2023-05-31,10.05,10.23,9.83,10.2,10.2,-0.20%,29856142,,,-5561.975993796092,347.0,-5656.338452734524,355.0,-5561.975993796092,347.0
2023-06-01,10.06,10.46,10.01,10.33,10.33,1.27%,16856544,,,-5564.624553793137,347.0,-5659.031947235826,355.0,-5564.624553793137,347.0
2023-06-02,10.47,10.585,10.29,10.41,10.41,0.77%,20859544,,,-5567.2743750092295,347.0,-5661.726724353557,355.0,-5567.2743750092295,347.0
2023-06-05,10.32,10.7,10.3,10.51,10.51,0.96%,15119821,,,-5569.925458044948,347.0,-5664.422784698488,355.0,-5569.925458044948,347.0
2023-06-06,10.43,10.63,10.34,10.51,10.51,,16523188,,,-5572.57780350116,347.0,-5667.120128881677,355.0,-5572.57780350116,347.0
2023-06-07,10.56,10.64,10.09,10.19,10.19,-3.04%,18951933,,,-5575.231411979018,347.0,-5669.818757514478,355.0,-5575.231411979018,347.0
2023-06-08,10.19,10.21,10.02,10.04,10.04,-1.47%,16868277,,,-5577.88628407996,347.0,-5672.518671208533,355.0,-5577.88628407996,347.0
2023-06-09,10.15,10.58,10.02,10.09,10.09,0.50%,26631555,,,-5580.542420405713,347.0,-5675.2198705757755,355.0,-5580.542420405713,347.0
2023-06-12,10.21,10.24,10.02,10.23,10.23,1.39%,18653161,,,-5583.199821558287,347.0,-5677.9223562284305,355.0,-5583.199821558287,347.0
2023-06-13,10.39,10.43,10.14,10.32,10.32,0.88%,17588565,,,-5585.858488139981,347.0,-5680.626128779016,355.0,-5585.858488139981,347.0
2023-06-14,10.3,10.388,10.07,10.25,10.25,-0.68%,17098926,,,-5588.518420753381,347.0,-5683.331188840339,355.0,-5588.518420753381,347.0
2023-06-15,9.98,10.69,9.96,10.66,10.66,4.00%,30121512,,,-5591.179620001359,347.0,-5696.6975370255,356.0,-5591.179620001359,347.0
2023-06-16,10.76,10.835,10.42,10.68,10.68,0.19%,28859538,,,-5593.842086487073,347.0,-5699.4102501383695,356.0,-5593.842086487073,347.0
2023-06-20,10.58,10.76,10.38,10.58,10.58,-0.94%,21910107,,,-5596.505820813972,347.0,-5702.124255019387,356.0,-5596.505820813972,347.0
2023-06-21,10.55,10.62,10.145,10.23,10.23,-3.31%,21488116,,,-5599.170823585788,347.0,-5704.839552283683,356.0,-5599.170823585788,347.0
2023-06-22,10.17,10.64,10.16,10.64,10.64,4.01%,20672647,,,-5601.837095406543,347.0,-5707.556142546675,356.0,-5601.837095406543,347.0
2023-06-23,10.4,11.15,10.386,10.82,10.82,1.69%,27763588,,,-5604.504636880546,347.0,-5710.274026424078,356.0,-5604.504636880546,347.0
2023-06-26,10.73,11.4,10.7,11.21,11.21,3.60%,34008177,,,-5607.173448612394,347.0,-5712.993204531899,356.0,-5607.173448612394,347.0
2023-06-27,11.36,11.62,11.12,11.48,11.48,2.41%,31107056,,,-5609.843531206971,347.0,-5715.713677486438,356.0,-5609.843531206971,347.0
2023-06-28,11.56,11.7,11.415,11.65,11.65,1.48%,27254998,,,-5612.514885269451,347.0,-5718.435445904289,356.0,-5612.514885269451,347.0
2023-06-29,11.95,12.04,11.58,11.68,11.68,0.26%,23006694,,,-5615.187511405294,347.0,-5721.158510402339,356.0,-5615.187511405294,347.0
2023-06-30,11.78,12.1,11.75,11.84,11.84,1.37%,23685466,,,-5617.861410220248,347.0,-5723.882871597769,356.0,-5617.861410220248,347.0
2023-07-03,11.9,12.02,11.84,12.02,12.02,1.52%,8881951,,,-5620.536582320353,347.0,-5726.608530108054,356.0,-5620.536582320353,347.0
2023-07-05,11.91,12.35,11.88,12.12,12.12,0.83%,20616583,,,-5623.213028311934,347.0,-5729.335486550963,356.0,-5623.213028311934,347.0
2023-07-06,11.97,12.14,11.76,11.91,11.91,-1.73%,22906822,,,-5625.890748801607,347.0,-5732.063741544558,356.0,-5625.890748801607,347.0
2023-07-07,11.91,12.05,11.64,11.68,11.68,-1.93%,24289380,,,-5628.5697443962745,347.0,-5734.793295707198,356.0,-5628.5697443962745,347.0
2023-07-10,11.77,11.98,11.655,11.78,11.78,0.86%,20146437,,,-5631.25001570313,347.0,-5737.5241496575345,356.0,-5631.25001570313,347.0
2023-07-11,11.94,13.08,11.91,12.74,12.74,8.15%,43989798,,,-5633.931563329656,347.0,-5740.256304014514,356.0,-5633.931563329656,347.0
2023-07-12,13.06,13.62,12.945,13.37,13.37,4.95%,40584310,,,-5636.614387883622,347.0,-5742.989759397378,356.0,-5636.614387883622,347.0
2023-07-13,13.58,13.89,13.5,13.51,13.51,1.05%,40065253,,,-5639.29848997309,347.0,-5745.724516425663,356.0,-5639.29848997309,347.0
2023-07-14,13.49,13.63,13.0,13.15,13.15,-2.66%,27022937,,,-5641.983870206411,347.0,-5748.4605757191985,356.0,-5641.983870206411,347.0
2023-07-17,13.14,13.64,12.97,13.47,13.47,2.43%,28982265,,,-5644.6705291922235,347.0,-5751.197937898112,356.0,-5644.6705291922235,347.0
2023-07-18,13.49,13.51,12.87,13.37,13.37,-0.74%,33108106,,,-5647.358467539458,347.0,-5753.936603582825,356.0,-5647.358467539458,347.0
2023-07-19,13.43,13.53,13.08,13.11,13.11,-1.94%,28630855,,,-5650.047685857334,347.0,-5756.676573394056,356.0,-5650.047685857334,347.0
2023-07-20,12.94,13.265,12.83,12.93,12.93,-1.37%,20442843,,,-5652.7381847553615,347.0,-5759.417847952815,356.0,-5652.7381847553615,347.0
2023-07-21,13.06,13.06,12.675,12.74,12.74,-1.47%,21404268,,,-5655.429964843341,347.0,-5762.160427880411,356.0,-5655.429964843341,347.0
2023-07-24,12.86,12.93,12.545,12.68,12.68,-0.47%,23715489,,,-5658.123026731361,347.0,-5764.904313798449,356.0,-5658.123026731361,347.0
2023-07-25,12.52,12.67,12.35,12.51,12.51,-1.34%,68993656,,,-5660.817371029805,347.0,-5767.649506328829,356.0,-5660.817371029805,347.0
2023-07-26,10.36,10.73,9.99,10.73,10.73,-14.23%,137880039,,,-5663.512998349343,347.0,-5770.396006093748,356.0,-5663.512998349343,347.0
2023-07-27,10.9,10.915,10.181,10.33,10.33,-3.73%,65311796,,,-5666.209909300938,347.0,-5773.143813715697,356.0,-5666.209909300938,347.0
2023-07-28,10.3,10.75,10.29,10.68,10.68,3.39%,49135039,,,-5668.908104495844,347.0,-5775.892929817467,356.0,-5668.908104495844,347.0
2023-07-31,10.66,11.38,10.66,11.36,11.36,6.37%,37947832,,,-5671.6075845456035,347.0,-5778.643355022142,356.0,-5671.6075845456035,347.0
2023-08-01,11.26,11.33,11.04,11.28,11.28,-0.70%,19675339,,,-5674.308350062054,347.0,-5781.395089953105,356.0,-5674.308350062054,347.0
2023-08-02,10.99,11.22,10.88,10.97,10.97,-2.75%,31209438,,,-5677.010401657321,347.0,-5784.148135234034,356.0,-5677.010401657321,347.0
2023-08-03,10.9,11.0,10.69,10.79,10.79,-1.64%,23740423,,,-5679.713739943825,347.0,-5786.902491488908,356.0,-5679.713739943825,347.0
2023-08-04,10.93,11.06,10.72,10.75,10.75,-0.37%,19986846,,,-5682.418365534275,347.0,-5789.658159341998,356.0,-5682.418365534275,347.0
2023-08-07,10.76,10.795,10.5,10.57,10.57,-1.67%,16688217,,,-5685.124279041672,347.0,-5792.415139417875,356.0,-5685.124279041672,347.0
2023-08-08,10.41,10.595,10.185,10.54,10.54,-0.28%,22353018,,,-5687.831481079311,347.0,-5795.1734323414075,356.0,-5687.831481079311,347.0
2023-08-09,10.54,10.58,10.39,10.44,10.44,-0.95%,14402031,,,-5690.539972260777,347.0,-5797.93303873776,356.0,-5690.539972260777,347.0
2023-08-10,10.6,10.7,10.21,10.22,10.22,-2.11%,15646230,,,-5693.249753199949,347.0,-5800.693959232397,356.0,-5693.249753199949,347.0
2023-08-11,10.1,10.23,10.02,10.03,10.03,-1.86%,16037001,,,-5695.960824510997,347.0,-5803.456194451079,356.0,-5695.960824510997,347.0
2023-08-14,9.99,9.99,9.81,9.94,9.94,-0.90%,23922108,16.793175,7.33,-5698.6731868083825,347.0,-5806.219745019865,356.0,-5698.6731868083825,347.0
2023-08-15,9.86,9.9,9.5,9.56,9.56,-3.82%,21223075,16.793175,7.33,-5701.386840706863,347.0,-5818.544611565113,357.0,-5701.386840706863,347.0
2023-08-16,9.51,9.59,9.15,9.16,9.16,-4.18%,30289454,16.793175,7.33,-5704.101786821486,347.0,-5821.31534709443,357.0,-5704.101786821486,347.0
2023-08-17,9.17,9.28,9.03,9.04,9.04,-1.31%,20527935,16.793175,7.33,-5706.818025767591,347.0,-5824.087402021618,357.0,-5706.818025767591,347.0
2023-08-18,8.91,9.185,8.86,9.18,9.18,1.55%,14782275,16.793175,7.33,-5709.535558160814,347.0,-5826.8607769749615,357.0,-5709.535558160814,347.0
2023-08-21,9.24,9.39,9.14,9.36,9.36,1.96%,13634027,16.793175,7.33,-5712.254384617081,347.0,-5829.635472583045,357.0,-5712.254384617081,347.0
2023-08-22,9.41,9.47,9.19,9.25,9.25,-1.18%,14963599,16.793175,7.33,-5714.974505752613,347.0,-5832.411489474752,357.0,-5714.974505752613,347.0
2023-08-23,9.19,9.33,9.19,9.24,9.24,-0.11%,10358941,16.793175,7.33,-5717.695922183924,347.0,-5835.188828279263,357.0,-5717.695922183924,347.0
2023-08-24,9.38,9.46,9.06,9.37,9.37,1.41%,20443889,16.793175,7.33,-5720.418634527821,347.0,-5837.967489626063,357.0,-5720.418634527821,347.0
2023-08-25,9.39,9.41,9.0,9.25,9.25,-1.28%,19434876,16.793175,7.33,-5723.142643401406,347.0,-5840.747474144932,357.0,-5723.142643401406,347.0
2023-08-28,9.34,9.55,9.325,9.45,9.45,2.16%,11979105,16.793175,7.33,-5725.867949422073,347.0,-5843.528782465954,357.0,-5725.867949422073,347.0
2023-08-29,9.48,9.9,9.425,9.89,9.89,4.66%,18276490,16.793175,7.33,-5728.594553207512,347.0,-5846.3114152195085,357.0,-5728.594553207512,347.0
2023-08-30,9.82,10.17,9.75,10.12,10.12,2.33%,30608907,16.793175,7.33,-5731.322455375706,347.0,-5849.09537303628,357.0,-5731.322455375706,347.0
2023-08-31,10.13,10.44,10.13,10.35,10.35,2.27%,20863626,14.09835,7.33,-5734.0516565449325,347.0,-5851.88065654725,357.0,-5734.0516565449325,347.0
2023-09-01,10.41,10.54,10.31,10.44,10.44,0.87%,17971265,14.09835,7.33,-5736.782157333763,347.0,-5854.667266383701,357.0,-5736.782157333763,347.0
2023-09-05,10.27,10.6,10.23,10.46,10.46,0.19%,20595150,14.09835,7.33,-5739.513958361065,347.0,-5857.455203177216,357.0,-5739.513958361065,347.0
2023-09-06,10.27,10.29,9.57,9.63,9.63,-7.93%,40061445,14.09835,7.33,-5742.247060245999,347.0,-5860.244467559682,357.0,-5742.247060245999,347.0
2023-09-07,9.45,9.82,9.415,9.72,9.72,0.93%,17158280,14.09835,7.33,-5744.981463608021,347.0,-5863.035060163282,357.0,-5744.981463608021,347.0
2023-09-08,9.68,9.74,9.39,9.39,9.39,-3.40%,21044834,14.09835,7.33,-5747.717169066882,347.0,-5865.826981620502,357.0,-5747.717169066882,347.0
2023-09-11,9.48,9.635,9.43,9.44,9.44,0.53%,16848031,14.09835,7.33,-5750.454177242628,347.0,-5868.620232564131,357.0,-5750.454177242628,347.0
2023-09-12,9.36,9.63,9.36,9.58,9.58,1.48%,13528624,14.09835,7.33,-5753.192488755601,347.0,-5871.414813627256,357.0,-5753.192488755601,347.0
2023-09-13,9.49,9.538,9.28,9.29,9.29,-3.03%,12832445,14.09835,7.33,-5755.932104226436,347.0,-5874.210725443269,357.0,-5755.932104226436,347.0
2023-09-14,9.365,9.4,9.15,9.16,9.16,-1.40%,12847585,14.09835,7.33,-5758.673024276068,347.0,-5877.007968645861,357.0,-5758.673024276068,347.0
2023-09-15,9.19,9.245,9.04,9.16,9.16,,16283745,14.09835,7.33,-5761.415249525723,347.0,-5888.966543869025,358.0,-5761.415249525723,347.0
2023-09-18,9.08,9.1,8.81,8.89,8.89,-2.95%,20619751,14.09835,7.33,-5764.158780596926,347.0,-5891.77081365182,358.0,-5764.158780596926,347.0
2023-09-19,8.82,9.005,8.62,9.0,9.0,1.24%,20107921,14.09835,7.33,-5766.903618111495,347.0,-5894.576418801178,358.0,-5766.903618111495,347.0
2023-09-20,9.06,9.379,8.95,9.03,9.03,0.33%,24692103,14.09835,7.33,-5769.649762691548,347.0,-5897.383359952988,358.0,-5769.649762691548,347.0
2023-09-21,8.86,8.975,8.61,8.63,8.63,-4.43%,21616326,14.09835,7.33,-5772.3972149594965,347.0,-5900.191637743442,358.0,-5772.3972149594965,347.0
2023-09-22,8.72,8.885,8.67,8.69,8.69,0.70%,11432549,14.09835,7.33,-5775.145975538048,347.0,-5903.001252809034,358.0,-5775.145975538048,347.0
2023-09-25,8.6,8.71,8.55,8.6,8.6,-1.04%,10074727,14.09835,7.33,-5777.896045050209,347.0,-5905.812205786562,358.0,-5777.896045050209,347.0
2023-09-26,8.43,8.49,8.28,8.34,8.34,-3.02%,25839896,14.09835,7.33,-5780.647424119281,347.0,-5908.624497313127,358.0,-5780.647424119281,347.0
2023-09-27,8.39,8.61,8.37,8.49,8.49,1.80%,14303941,14.09835,7.33,-5783.400113368862,347.0,-5911.438128026133,358.0,-5783.400113368862,347.0
2023-09-28,8.42,8.655,8.34,8.56,8.56,0.82%,16715358,14.09835,7.33,-5786.154113422846,347.0,-5914.253098563288,358.0,-5786.154113422846,347.0
2023-09-29,8.74,8.93,8.67,8.91,8.91,4.09%,21165591,14.09835,7.33,-5788.909424905429,347.0,-5917.069409562604,358.0,-5788.909424905429,347.0
2023-10-02,8.87,8.915,8.56,8.74,8.74,-1.91%,15763220,14.09835,7.33,-5791.666048441098,347.0,-5919.887061662395,358.0,-5791.666048441098,347.0
2023-10-03,8.58,8.768,8.47,8.54,8.54,-2.29%,17300047,14.09835,7.33,-5794.423984654641,347.0,-5922.706055501282,358.0,-5794.423984654641,347.0
2023-10-04,8.56,8.72,8.5,8.69,8.69,1.76%,16226468,14.09835,7.33,-5797.183234171142,347.0,-5925.526391718187,358.0,-5797.183234171142,347.0
2023-10-05,8.66,8.84,8.55,8.74,8.74,0.58%,11503371,14.09835,7.33,-5799.943797615986,347.0,-5928.348070952339,358.0,-5799.943797615986,347.0
2023-10-06,8.57,8.64,8.395,8.63,8.63,-1.26%,22566860,14.09835,7.33,-5802.705675614851,347.0,-5931.171093843269,358.0,-5802.705675614851,347.0
2023-10-09,8.54,8.68,8.5,8.61,8.61,-0.23%,13059803,14.09835,7.33,-5805.468868793716,347.0,-5933.995461030813,358.0,-5805.468868793716,347.0
2023-10-10,8.7,9.11,8.66,8.82,8.82,2.44%,22342581,14.09835,7.33,-5808.233377778856,347.0,-5936.821173155114,358.0,-5808.233377778856,347.0
2023-10-11,8.85,9.13,8.82,9.11,9.11,3.29%,18773808,14.09835,7.33,-5810.999203196846,347.0,-5939.6482308566165,358.0,-5810.999203196846,347.0
2023-10-12,9.06,9.33,9.01,9.11,9.11,,29718224,14.09835,7.33,-5813.766345674559,347.0,-5942.476634776072,358.0,-5813.766345674559,347.0
2023-10-13,9.1,9.14,8.67,8.68,8.68,-4.72%,27922226,14.09835,7.33,-5816.5348058391655,347.0,-5945.306385554537,358.0,-5816.5348058391655,347.0
2023-10-16,9.02,9.75,8.96,9.72,9.72,11.98%,56297832,14.09835,7.33,-5819.304584318136,347.0,-5948.137483833372,358.0,-5819.304584318136,347.0
2023-10-17,9.56,9.77,9.54,9.69,9.69,-0.31%,24836029,14.09835,7.33,-5822.07568173924,347.0,-5950.969930254245,358.0,-5822.07568173924,347.0
2023-10-18,9.6,9.76,9.51,9.6,9.6,-0.93%,19250446,14.09835,7.33,-5824.848098730545,347.0,-5953.803725459128,358.0,-5824.848098730545,347.0
2023-10-19,9.55,9.87,9.46,9.65,9.65,0.52%,21177197,14.09835,7.33,-5827.621835920417,347.0,-5956.638870090299,358.0,-5827.621835920417,347.0
2023-10-20,9.6,9.67,9.31,9.44,9.44,-2.18%,29382635,14.09835,7.33,-5830.396893937522,347.0,-5959.475364790342,358.0,-5830.396893937522,347.0
2023-10-23,9.35,9.88,9.3,9.49,9.49,0.53%,37569211,14.09835,7.33,-5833.1732734108255,347.0,-5962.313210202146,358.0,-5833.1732734108255,347.0
2023-10-24,9.63,9.98,9.58,9.71,9.71,2.32%,71921441,14.09835,7.33,-5835.950974969593,347.0,-5965.152406968909,358.0,-5835.950974969593,347.0
2023-10-25,10.37,10.87,9.1,9.19,9.19,-5.36%,94403233,14.09835,7.33,-5838.729999243387,347.0,-5967.992955734133,358.0,-5838.729999243387,347.0
2023-10-26,9.11,9.52,8.91,9.3,9.3,1.20%,42454185,14.09835,7.33,-5841.510346862075,347.0,-5970.834857141625,358.0,-5841.510346862075,347.0
2023-10-27,9.33,9.55,9.18,9.3,9.3,,24606549,14.09835,7.33,-5844.292018455819,347.0,-5973.678111835502,358.0,-5844.292018455819,347.0
2023-10-30,9.34,9.81,9.29,9.7,9.7,4.30%,25083930,14.09835,7.33,-5847.075014655084,347.0,-5976.522720460185,358.0,-5847.075014655084,347.0
2023-10-31,9.79,10.055,9.6,10.01,10.01,3.20%,28796700,14.09835,7.33,-5849.859336090633,347.0,-5979.368683660405,358.0,-5849.859336090633,347.0
2023-11-01,9.95,10.08,9.81,9.99,9.99,-0.20%,19548138,14.09835,7.33,-5852.644983393534,347.0,-5982.216002081195,358.0,-5852.644983393534,347.0
2023-11-02,10.14,10.59,10.1,10.43,10.43,4.40%,30659333,14.09835,7.33,-5855.43195719515,347.0,-5985.064676367901,358.0,-5855.43195719515,347.0
2023-11-03,10.52,10.915,10.52,10.72,10.72,2.78%,22876555,14.09835,7.33,-5858.220258127148,347.0,-5987.914707166171,358.0,-5858.220258127148,347.0
2023-11-06,10.74,10.87,10.62,10.73,10.73,0.09%,18754926,14.09835,7.33,-5861.009886821494,347.0,-5990.766095121964,358.0,-5861.009886821494,347.0
2023-11-07,10.72,11.02,10.68,10.96,10.96,2.14%,15836857,14.09835,7.33,-5863.800843910456,347.0,-5993.618840881546,358.0,-5863.800843910456,347.0
2023-11-08,11.04,11.25,10.86,11.23,11.23,2.46%,21448623,14.09835,7.33,-5866.593130026604,347.0,-5996.472945091489,358.0,-5866.593130026604,347.0
2023-11-09,11.22,11.73,11.18,11.24,11.24,0.09%,26971492,14.09835,7.33,-5869.386745802807,347.0,-5999.3284083986755,358.0,-5869.386745802807,347.0
2023-11-10,10.95,11.37,10.92,11.32,11.32,0.71%,19159965,14.09835,7.33,-5872.181691872237,347.0,-6002.185231450294,358.0,-5872.181691872237,347.0
2023-11-13,11.33,11.435,11.15,11.3,11.3,-0.18%,12118745,14.09835,7.33,-5874.977968868367,347.0,-6005.043414893842,358.0,-5874.977968868367,347.0
2023-11-14,12.05,12.425,12.04,12.15,12.15,7.52%,38147375,14.09835,7.33,-5877.775577424971,347.0,-6007.902959377125,358.0,-5877.775577424971,347.0
2023-11-15,12.12,12.32,11.94,12.2,12.2,0.41%,21312715,14.09835,7.33,-5880.574518176126,347.0,-6022.963865548257,359.0,-5880.574518176126,347.0
2023-11-16,12.13,12.34,11.8,12.07,12.07,-1.07%,22969636,14.09835,7.33,-5883.37479175621,347.0,-6025.83194357947,359.0,-5883.37479175621,347.0
2023-11-17,11.91,11.995,11.5,11.89,11.89,-1.49%,22116402,14.09835,7.33,-5886.176398799903,347.0,-6028.701387362127,359.0,-5886.176398799903,347.0
2023-11-20,11.88,12.3,11.87,12.15,12.15,2.19%,14560749,14.09835,7.33,-5888.979339942189,347.0,-6031.572197546586,359.0,-5888.979339942189,347.0
2023-11-21,11.98,12.15,11.89,12.06,12.06,-0.74%,10266426,14.09835,7.33,-5891.783615818352,347.0,-6034.444374783513,359.0,-5891.783615818352,347.0
2023-11-22,12.17,12.32,12.03,12.31,12.31,2.07%,10119851,14.09835,7.33,-5894.58922706398,347.0,-6037.317919723886,359.0,-5894.58922706398,347.0
2023-11-24,12.24,12.56,12.24,12.52,12.52,1.71%,10797731,14.09835,7.33,-5897.396174314963,347.0,-6040.192833018993,359.0,-5897.396174314963,347.0
2023-11-27,12.41,12.8,12.41,12.68,12.68,1.28%,16203023,14.09835,7.33,-5900.204458207494,347.0,-6043.069115320431,359.0,-5900.204458207494,347.0
2023-11-28,12.605,12.87,12.58,12.84,12.84,1.26%,14906997,14.09835,7.33,-5903.014079378069,347.0,-6045.946767280107,359.0,-5903.014079378069,347.0
2023-11-29,12.94,13.085,12.82,12.98,12.98,1.09%,15299958,14.09835,7.33,-5905.8250384634875,347.0,-6048.825789550241,359.0,-5905.8250384634875,347.0
2023-11-30,13.49,14.23,13.485,13.83,13.83,6.55%,51167402,14.09835,7.33,-5908.637336100851,347.0,-6051.70618278336,359.0,-5908.637336100851,347.0
2023-12-01,13.75,14.24,13.615,14.14,14.14,2.24%,23416250,14.09835,7.33,-5911.450972927566,347.0,-6054.587947632305,359.0,-5911.450972927566,347.0
2023-12-04,14.06,14.38,13.965,14.3,14.3,1.13%,21274367,14.09835,7.49,-5914.265949581341,347.0,-6057.471084750226,359.0,-5914.265949581341,347.0
2023-12-05,14.16,14.66,14.11,14.6,14.6,2.10%,18141110,14.09835,7.86,-5917.082266700189,347.0,-6060.3555947905825,359.0,-5917.082266700189,347.0
2023-12-06,14.83,15.36,14.77,14.77,14.77,1.16%,27101981,14.09835,7.86,-5919.899924922428,347.0,-6063.24147840715,359.0,-5919.899924922428,347.0
2023-12-07,14.74,14.85,14.54,14.76,14.76,-0.07%,15148786,14.09835,7.86,-5922.718924886677,347.0,-6066.128736254011,359.0,-5922.718924886677,347.0
2023-12-08,14.7,15.305,14.68,15.09,15.09,2.24%,20718265,14.09835,7.86,-5925.539267231861,347.0,-6069.01736898556,359.0,-5925.539267231861,347.0
2023-12-11,15.82,15.95,15.52,15.75,15.75,4.37%,32187067,14.09835,7.86,-5928.36095259721,347.0,-6071.907377256505,359.0,-5928.36095259721,347.0
2023-12-12,15.63,16.06,15.445,15.85,15.85,0.63%,27396345,14.09835,7.86,-5931.183981622256,347.0,-6074.798761721865,359.0,-5931.183981622256,347.0
2023-12-13,16.0,16.54,15.84,16.45,16.45,3.79%,26639282,14.09835,7.86,-5934.008354946838,347.0,-6077.6915230369705,359.0,-5934.008354946838,347.0
2023-12-14,16.67,17.23,16.57,16.94,16.94,2.98%,39763749,14.09835,7.86,-5936.834073211098,347.0,-6080.585661857464,359.0,-5936.834073211098,347.0
2023-12-15,17.04,17.22,16.53,16.92,16.92,-0.12%,35572627,14.09835,7.86,-5939.661137055485,347.0,-6100.401178839302,360.0,-5939.661137055485,347.0
2023-12-18,17.44,17.9,16.8,17.02,17.02,0.59%,49763573,14.09835,7.86,-5942.489547120749,347.0,-6103.306131781606,360.0,-5942.489547120749,347.0
2023-12-19,16.54,17.255,16.17,17.18,17.18,0.94%,48093585,14.09835,7.86,-5945.319304047949,347.0,-6106.212468034836,360.0,-5945.319304047949,347.0
2023-12-20,16.98,17.3,16.59,16.6,16.6,-3.38%,28279678,14.09835,7.86,-5948.150408478448,347.0,-6109.12018825771,360.0,-5948.150408478448,347.0
2023-12-21,16.94,17.29,16.7,17.23,17.23,3.80%,34281572,14.09835,7.86,-5950.982861053914,347.0,-6112.029293109261,360.0,-5950.982861053914,347.0
2023-12-22,17.2,17.32,16.89,17.05,17.05,-1.04%,21576677,14.09835,7.86,-5953.816662416321,347.0,-6114.939783248837,360.0,-5953.816662416321,347.0
2023-12-26,17.06,17.1,16.68,16.78,16.78,-1.58%,13944254,14.09835,7.86,-5956.651813207948,347.0,-6117.851659336098,360.0,-5956.651813207948,347.0
2023-12-27,16.73,16.99,16.68,16.95,16.95,1.01%,15952100,14.09835,7.86,-5959.488314071381,347.0,-6120.76492203102,360.0,-5959.488314071381,347.0
2023-12-28,16.92,17.2,16.82,17.05,17.05,0.59%,13845160,14.09835,7.86,-5962.326165649511,347.0,-6123.679571993893,360.0,-5962.326165649511,347.0
2023-12-29,17.03,17.21,16.83,16.93,16.93,-0.70%,16693464,14.443449999999999,7.86,-5965.165368585534,347.0,-6126.5956098853185,360.0,-5965.165368585534,347.0
2024-01-02,16.52,16.555,15.93,16.14,16.14,-4.67%,29687041,14.453599999999998,7.86,-5968.005923522956,347.0,-6129.5130363662165,360.0,-5968.005923522956,347.0
2024-01-03,15.52,16.04,15.27,15.78,15.78,-2.23%,28496087,14.595699999999999,7.86,-5970.847831105586,347.0,-6132.4318520978195,360.0,-5970.847831105586,347.0
2024-01-04,15.75,16.28,15.685,16.2,16.2,2.66%,15922935,14.8799,7.86,-5973.691091977541,347.0,-6135.352057741676,360.0,-5973.691091977541,347.0
2024-01-05,16.12,16.678,16.102,16.55,16.55,2.16%,17951853,15.590399999999997,7.86,-5976.535706783245,347.0,-6138.273653959648,360.0,-5976.535706783245,347.0
2024-01-08,16.67,17.33,16.46,17.31,17.31,4.59%,20267486,15.590399999999997,7.86,-5979.381676167427,347.0,-6141.196641413914,360.0,-5979.381676167427,347.0
2024-01-09,17.38,17.75,16.97,17.05,17.05,-1.50%,35649029,15.590399999999997,7.86,-5982.229000775126,347.0,-6144.121020766968,360.0,-5982.229000775126,347.0
2024-01-10,17.18,17.45,16.82,17.37,17.37,1.88%,19372639,16.189249999999998,7.86,-5985.077681251686,347.0,-6147.046792681619,360.0,-5985.077681251686,347.0
2024-01-11,17.3,17.62,16.81,17.09,17.09,-1.61%,22803644,16.3009,7.86,-5987.927718242759,347.0,-6149.973957820991,360.0,-5987.927718242759,347.0
2024-01-12,17.0,17.01,16.371,16.43,16.43,-3.86%,19056420,16.788099999999996,7.86,-5990.7791123943025,347.0,-6152.902516848525,360.0,-5990.7791123943025,347.0
2024-01-16,16.21,16.21,15.43,15.54,15.54,-5.42%,35778120,17.48845,7.86,-5993.631864352586,347.0,-6155.832470427977,360.0,-5993.631864352586,347.0
2024-01-17,15.53,15.59,15.18,15.5,15.5,-0.26%,20971523,17.48845,7.86,-5996.485974764182,347.0,-6158.763819223419,360.0,-5996.485974764182,347.0
2024-01-18,15.63,16.269,15.5,16.21,16.21,4.58%,21257560,18.168499999999998,7.86,-5999.341444275975,347.0,-6161.69656389924,360.0,-5999.341444275975,347.0
2024-01-19,16.4,16.57,16.17,16.42,16.42,1.30%,15300280,18.168499999999998,7.86,-6002.198273535154,347.0,-6164.630705120144,360.0,-6002.198273535154,347.0
2024-01-22,16.59,17.14,16.445,16.61,16.61,1.16%,19540623,18.168499999999998,7.86,-6005.056463189218,347.0,-6167.566243551153,360.0,-6005.056463189218,347.0
2024-01-23,16.64,16.64,16.17,16.33,16.33,-1.69%,17034476,18.168499999999998,7.86,-6007.916013885975,347.0,-6170.503179857606,360.0,-6007.916013885975,347.0
2024-01-24,16.67,16.72,16.22,16.32,16.32,-0.06%,17376618,18.168499999999998,7.86,-6010.77692627354,347.0,-6173.441514705157,360.0,-6010.77692627354,347.0
2024-01-25,16.47,16.51,16.205,16.29,16.29,-0.18%,14223020,18.168499999999998,7.86,-6013.639201000337,347.0,-6176.381248759778,360.0,-6013.639201000337,347.0
2024-01-26,16.98,16.99,16.24,16.25,16.25,-0.25%,27636353,18.168499999999998,7.86,-6016.5028387151,347.0,-6179.322382687758,360.0,-6016.5028387151,347.0
2024-01-29,16.3,16.9,16.095,16.89,16.89,3.94%,18698264,18.168499999999998,7.86,-6019.367840066869,347.0,-6182.264917155705,360.0,-6019.367840066869,347.0
2024-01-30,16.7,16.845,16.33,16.47,16.47,-2.49%,36009370,18.168499999999998,7.86,-6022.2342057049955,347.0,-6185.208852830541,360.0,-6022.2342057049955,347.0
2024-01-31,16.03,16.6,15.82,15.89,15.89,-3.52%,14822076,18.168499999999998,7.86,-6025.10193627914,347.0,-6188.154190379508,360.0,-6025.10193627914,347.0
2024-02-01,16.09,16.11,15.77,15.87,15.87,-0.13%,16179134,18.168499999999998,7.86,-6027.971032439274,347.0,-6191.100930470165,360.0,-6027.971032439274,347.0
2024-02-02,16.675,17.11,16.11,17.05,17.05,7.44%,35712570,18.168499999999998,7.86,-6030.841494835673,347.0,-6194.0490737703885,360.0,-6030.841494835673,347.0
2024-02-05,17.2,17.495,16.3,16.75,16.75,-1.76%,37737679,18.168499999999998,7.86,-6033.7133241189285,347.0,-6196.998620948374,360.0,-6033.7133241189285,347.0
2024-02-06,16.78,17.5,16.77,17.45,17.45,4.18%,92636378,18.168499999999998,7.86,-6036.586520939937,347.0,-6199.949572672635,360.0,-6036.586520939937,347.0
2024-02-07,12.03,12.39,11.081,11.41,11.41,-34.61%,185977645,18.168499999999998,7.86,-6039.461085949909,347.0,-6202.901929612003,360.0,-6039.461085949909,347.0
2024-02-08,11.29,11.5,10.82,11.1,11.1,-2.72%,87847261,18.168499999999998,7.86,-6042.337019800361,347.0,-6205.855692435628,360.0,-6042.337019800361,347.0
2024-02-09,11.26,11.28,10.93,11.11,11.11,0.09%,54218116,18.168499999999998,7.86,-6045.214323143124,347.0,-6208.810861812978,360.0,-6045.214323143124,347.0
2024-02-12,11.28,12.08,11.2,11.64,11.64,4.77%,65823298,18.168499999999998,7.86,-6048.092996630335,347.0,-6211.767438413842,360.0,-6048.092996630335,347.0
2024-02-13,11.24,11.62,11.015,11.14,11.14,-4.30%,40428105,18.168499999999998,7.86,-6050.973040914444,347.0,-6214.725422908325,360.0,-6050.973040914444,347.0
2024-02-14,11.34,11.45,11.18,11.4,11.4,2.33%,24167931,18.168499999999998,7.86,-6053.854456648212,347.0,-6217.6848159668525,360.0,-6053.854456648212,347.0
2024-02-15,11.42,11.8,11.38,11.6,11.6,1.75%,24335852,18.168499999999998,7.86,-6056.7372444847115,347.0,-6232.24561826017,361.0,-6056.7372444847115,347.0
2024-02-16,11.34,11.44,10.99,11.17,11.17,-3.71%,43404147,18.168499999999998,7.86,-6059.621405077323,347.0,-6235.213354268865,361.0,-6059.621405077323,347.0
2024-02-20,11.0,11.14,10.87,10.95,10.95,-1.97%,37406099,18.168499999999998,7.86,-6062.506939079741,347.0,-6238.182503485184,361.0,-6062.506939079741,347.0
2024-02-21,10.83,10.96,10.69,10.74,10.74,-1.92%,25625983,18.168499999999998,7.86,-6065.39384714597,347.0,-6241.153066582081,361.0,-6065.39384714597,347.0
2024-02-22,10.85,11.04,10.72,10.73,10.73,-0.09%,46990035,18.168499999999998,7.86,-6068.282129930325,347.0,-6244.125044232835,361.0,-6068.282129930325,347.0
2024-02-23,10.75,10.89,10.49,10.8,10.8,0.65%,22975441,18.168499999999998,7.86,-6071.171788087435,347.0,-6247.098437111041,361.0,-6071.171788087435,347.0
2024-02-26,10.66,10.87,10.575,10.72,10.72,-0.74%,19388195,18.168499999999998,7.86,-6074.062822272238,347.0,-6250.073245890618,361.0,-6074.062822272238,347.0
2024-02-27,10.8,11.05,10.75,10.9,10.9,1.68%,18059774,18.168499999999998,7.86,-6076.955233139986,347.0,-6253.049471245804,361.0,-6076.955233139986,347.0
2024-02-28,10.75,11.14,10.75,11.0,11.0,0.92%,17656008,18.168499999999998,7.86,-6079.849021346244,347.0,-6256.027113851159,361.0,-6079.849021346244,347.0
2024-02-29,11.05,11.196,10.94,11.02,11.02,0.18%,19719296,18.168499999999998,7.86,-6082.744187546885,347.0,-6259.006174381564,361.0,-6082.744187546885,347.0
2024-03-01,11.05,11.28,11.0,11.25,11.25,2.09%,20749826,18.168499999999998,7.86,-6085.6407323980975,347.0,-6261.986653512222,361.0,-6085.6407323980975,347.0
2024-03-04,11.26,11.27,10.7,11.03,11.03,-1.96%,21544939,18.168499999999998,7.86,-6088.538656556382,347.0,-6264.968551918656,361.0,-6088.538656556382,347.0
2024-03-05,10.85,11.65,10.75,11.43,11.43,3.63%,42821196,18.168499999999998,7.86,-6091.4379606785515,347.0,-6267.951870276713,361.0,-6091.4379606785515,347.0
2024-03-06,11.6,11.63,11.105,11.16,11.16,-2.36%,27088255,18.168499999999998,7.86,-6094.338645421732,347.0,-6270.936609262559,361.0,-6094.338645421732,347.0
2024-03-07,11.45,12.02,11.45,11.85,11.85,6.18%,45365259,18.168499999999998,7.86,-6097.240711443361,347.0,-6273.922769552683,361.0,-6097.240711443361,347.0
2024-03-08,12.0,12.645,11.99,12.39,12.39,4.56%,43593463,18.168499999999998,7.86,-6100.144159401191,347.0,-6276.910351823899,361.0,-6100.144159401191,347.0
2024-03-11,12.25,12.26,11.8,11.87,11.87,-4.20%,23853182,18.168499999999998,7.86,-6103.048989953287,347.0,-6279.899356753339,361.0,-6103.048989953287,347.0
2024-03-12,11.95,12.13,11.7,11.77,11.77,-0.84%,17131487,18.168499999999998,7.86,-6105.955203758026,347.0,-6282.889785018459,361.0,-6105.955203758026,347.0
2024-03-13,11.71,12.35,11.69,11.9,11.9,1.10%,29774833,18.168499999999998,7.86,-6108.862801474102,347.0,-6285.88163729704,361.0,-6108.862801474102,347.0
2024-03-14,11.86,11.89,11.34,11.39,11.39,-4.29%,21894447,18.168499999999998,7.86,-6111.771783760518,347.0,-6288.874914267181,361.0,-6111.771783760518,347.0
2024-03-15,11.44,11.572,11.09,11.19,11.19,-1.76%,26649901,18.168499999999998,7.86,-6114.682151276595,347.0,-6303.059616607308,362.0,-6114.682151276595,347.0
2024-03-18,11.24,11.33,10.93,11.06,11.06,-1.16%,28446181,18.168499999999998,7.86,-6117.593904681964,347.0,-6306.061073567597,362.0,-6117.593904681964,347.0
2024-03-19,10.96,11.17,10.78,11.05,11.05,-0.09%,25976825,18.168499999999998,7.86,-6120.507044636574,347.0,-6309.063959793106,362.0,-6120.507044636574,347.0
2024-03-20,11.03,11.38,10.97,11.2,11.2,1.36%,28666791,18.168499999999998,7.86,-6123.421571800687,347.0,-6312.068275964436,362.0,-6123.421571800687,347.0
2024-03-21,11.26,11.51,11.13,11.16,11.16,-0.36%,22605057,18.168499999999998,7.86,-6126.337486834878,347.0,-6315.074022762515,362.0,-6126.337486834878,347.0
2024-03-22,11.15,11.43,11.063,11.4,11.4,2.15%,25195772,18.168499999999998,7.86,-6129.254790400038,347.0,-6318.081200868592,362.0,-6129.254790400038,347.0
2024-03-25,11.38,11.52,11.24,11.26,11.26,-1.23%,20246938,18.168499999999998,7.86,-6132.173483157371,347.0,-6321.089810964243,362.0,-6132.173483157371,347.0
2024-03-26,11.4,11.748,11.31,11.31,11.31,0.44%,20825692,18.168499999999998,7.86,-6135.093565768399,347.0,-6324.099853731369,362.0,-6135.093565768399,347.0
2024-03-27,11.38,11.465,11.24,11.45,11.45,1.24%,13357974,18.168499999999998,7.86,-6138.015038894955,347.0,-6327.111329852193,362.0,-6138.015038894955,347.0
2024-03-28,11.4,11.68,11.35,11.48,11.48,0.26%,15281011,18.168499999999998,7.86,-6140.937903199191,347.0,-6330.124240009266,362.0,-6140.937903199191,347.0
2024-04-01,11.48,11.61,11.2,11.25,11.25,-2.00%,13113292,18.168499999999998,7.86,-6143.862159343572,347.0,-6333.138584885461,362.0,-6143.862159343572,347.0
2024-04-02,11.0,11.14,10.722,11.08,11.08,-1.51%,14419123,18.168499999999998,7.86,-6146.787807990879,347.0,-6336.154365163978,362.0,-6146.787807990879,347.0
2024-04-03,10.99,11.27,10.975,11.15,11.15,0.63%,10510583,18.168499999999998,7.86,-6149.714849804208,347.0,-6339.171581528341,362.0,-6149.714849804208,347.0
2024-04-04,11.22,11.38,10.98,11.02,11.02,-1.17%,14864199,18.168499999999998,7.86,-6152.643285446972,347.0,-6342.190234662403,362.0,-6152.643285446972,347.0
2024-04-05,10.9,11.15,10.89,11.0,11.0,-0.18%,14616525,18.168499999999998,7.86,-6155.573115582899,347.0,-6345.2103252503375,362.0,-6155.573115582899,347.0
2024-04-08,11.06,11.36,11.02,11.11,11.11,1.00%,14638193,18.168499999999998,7.86,-6158.504340876034,347.0,-6348.2318539766475,362.0,-6158.504340876034,347.0
2024-04-09,11.11,11.29,11.1,11.23,11.23,1.08%,12620347,18.168499999999998,7.86,-6161.436961990737,347.0,-6351.25482152616,362.0,-6161.436961990737,347.0
2024-04-10,11.02,11.19,10.86,10.88,10.88,-3.12%,20732542,18.168499999999998,7.86,-6164.370979591685,347.0,-6354.27922858403,362.0,-6164.370979591685,347.0
2024-04-11,11.01,11.415,10.85,11.36,11.36,4.41%,24554896,18.168499999999998,7.86,-6167.306394343871,347.0,-6357.305075835737,362.0,-6167.306394343871,347.0
2024-04-12,11.18,11.23,10.83,10.85,10.85,-4.49%,22041048,18.168499999999998,7.86,-6170.243206912606,347.0,-6360.332363967087,362.0,-6170.243206912606,347.0
2024-04-15,10.86,10.87,10.27,10.34,10.34,-4.70%,24598617,18.168499999999998,7.86,-6173.181417963517,347.0,-6373.701093664215,363.0,-6173.181417963517,347.0
2024-04-16,10.28,10.43,10.083,10.41,10.41,0.68%,24221438,18.168499999999998,7.86,-6176.121028162547,347.0,-6376.736189423103,363.0,-6176.121028162547,347.0
2024-04-17,10.49,11.45,10.432,10.9,10.9,4.71%,54242152,18.168499999999998,7.86,-6179.062038175958,347.0,-6379.772730465685,363.0,-6179.062038175958,347.0
2024-04-18,11.17,11.78,11.07,11.63,11.63,6.70%,55108232,18.168499999999998,7.86,-6182.004448670327,347.0,-6382.810717480192,363.0,-6182.004448670327,347.0
2024-04-19,11.65,11.88,11.115,11.16,11.16,-4.04%,30405552,18.168499999999998,7.86,-6184.948260312552,347.0,-6385.850151155182,363.0,-6184.948260312552,347.0
2024-04-22,11.53,11.75,10.875,11.14,11.14,-0.18%,24949752,18.168499999999998,7.86,-6187.893473769844,347.0,-6388.891032179542,363.0,-6187.893473769844,347.0
2024-04-23,11.29,11.685,11.14,11.39,11.39,2.24%,26017908,18.168499999999998,7.86,-6190.8400897097345,347.0,-6391.933361242484,363.0,-6190.8400897097345,347.0
2024-04-24,11.325,11.48,10.96,11.08,11.08,-2.72%,32755892,18.168499999999998,7.86,-6193.788108800072,347.0,-6394.977139033552,363.0,-6193.788108800072,347.0
2024-04-25,10.63,11.545,10.54,11.4,11.4,2.89%,75962215,18.168499999999998,7.86,-6196.737531709025,347.0,-6398.022366242615,363.0,-6196.737531709025,347.0
2024-04-26,14.48,14.94,13.78,14.55,14.55,27.63%,159811902,18.168499999999998,7.86,-6199.688359105076,347.0,-6401.0690435598735,363.0,-6199.688359105076,347.0
2024-04-29,14.35,14.87,14.03,14.49,14.49,-0.41%,54071594,18.168499999999998,7.86,-6202.640591657031,347.0,-6404.1171716758545,363.0,-6202.640591657031,347.0
2024-04-30,14.48,15.36,14.381,15.05,15.05,3.86%,56020022,18.168499999999998,7.86,-6205.59423003401,347.0,-6407.166751281415,363.0,-6205.59423003401,347.0
2024-05-01,15.1,16.199,14.93,15.86,15.86,5.38%,46923032,18.168499999999998,7.86,-6208.549274905455,347.0,-6410.217783067739,363.0,-6208.549274905455,347.0
2024-05-02,16.02,16.31,15.71,16.3,16.3,2.77%,28833549,18.168499999999998,7.86,-6211.505726941124,347.0,-6413.270267726343,363.0,-6211.505726941124,347.0
2024-05-03,16.53,16.53,16.04,16.25,16.25,-0.31%,23896834,18.168499999999998,7.86,-6214.463586811095,347.0,-6416.32420594907,363.0,-6214.463586811095,347.0
2024-05-06,16.39,16.97,16.09,16.84,16.84,3.63%,32504082,18.168499999999998,7.86,-6217.422855185768,347.0,-6419.379598428094,363.0,-6217.422855185768,347.0
2024-05-07,16.78,17.29,16.735,17.14,17.14,1.78%,24966211,18.168499999999998,7.86,-6220.3835327358565,347.0,-6422.436445855917,363.0,-6220.3835327358565,347.0
2024-05-08,16.39,16.98,16.33,16.74,16.74,-2.33%,31749037,18.168499999999998,7.86,-6223.345620132397,347.0,-6425.494748925372,363.0,-6223.345620132397,347.0
2024-05-09,16.71,16.76,16.115,16.55,16.55,-1.14%,36751751,18.168499999999998,7.86,-6226.309118046745,347.0,-6428.554508329622,363.0,-6226.309118046745,347.0
2024-05-10,16.58,16.6,15.84,16.01,16.01,-3.26%,26519469,18.168499999999998,7.86,-6229.274027150577,347.0,-6431.6157247621595,363.0,-6229.274027150577,347.0
2024-05-13,15.98,16.08,15.66,15.76,15.76,-1.56%,28884245,18.168499999999998,7.86,-6232.240348115887,347.0,-6434.678398916808,363.0,-6232.240348115887,347.0
2024-05-14,15.71,15.89,15.38,15.62,15.62,-0.89%,29917469,18.168499999999998,7.86,-6235.20808161499,347.0,-6437.742531487721,363.0,-6235.20808161499,347.0
2024-05-15,15.975,16.275,15.53,16.21,16.21,3.78%,27499591,18.168499999999998,7.86,-6238.177228320521,347.0,-6457.018123169381,364.0,-6238.177228320521,347.0
2024-05-16,16.03,16.175,15.75,16.02,16.02,-1.17%,21863050,18.168499999999998,7.86,-6241.147788905436,347.0,-6460.092893704224,364.0,-6241.147788905436,347.0
2024-05-17,16.01,16.255,15.93,16.05,16.05,0.19%,12200017,18.168499999999998,7.86,-6244.11976404301,347.0,-6463.169128415511,364.0,-6244.11976404301,347.0
2024-05-20,16.17,16.65,16.17,16.43,16.43,2.37%,22173591,18.168499999999998,7.86,-6247.09315440684,347.0,-6466.246828000471,364.0,-6247.09315440684,347.0
2024-05-21,16.25,16.252,15.52,15.63,15.63,-4.87%,19987384,18.168499999999998,7.86,-6250.067960670843,347.0,-6469.325993156662,364.0,-6250.067960670843,347.0
2024-05-22,15.66,15.92,15.551,15.91,15.91,1.79%,12894445,18.168499999999998,7.86,-6253.044183509257,347.0,-6472.406624581974,364.0,-6253.044183509257,347.0
2024-05-23,15.96,15.97,15.12,15.18,15.18,-4.59%,16728675,18.168499999999998,7.86,-6256.021823596642,347.0,-6475.488722974632,364.0,-6256.021823596642,347.0
2024-05-24,15.33,15.49,15.15,15.22,15.22,0.26%,9988932,18.168499999999998,7.86,-6259.000881607879,347.0,-6478.572289033191,364.0,-6259.000881607879,347.0
2024-05-28,15.25,15.48,15.174,15.32,15.32,0.66%,13320758,18.168499999999998,7.86,-6261.981358218169,347.0,-6481.65732345654,364.0,-6261.981358218169,347.0
2024-05-29,15.03,15.405,14.92,15.16,15.16,-1.04%,13769730,18.168499999999998,7.86,-6264.963254103034,347.0,-6484.743826943901,364.0,-6264.963254103034,347.0
2024-05-30,15.15,15.39,14.81,15.17,15.17,0.07%,14760927,18.168499999999998,7.86,-6267.946569938322,347.0,-6487.831800194826,364.0,-6267.946569938322,347.0
2024-05-31,15.32,15.34,14.9,15.02,15.02,-0.99%,20044017,18.168499999999998,7.86,-6270.931306400197,347.0,-6490.921243909205,364.0,-6270.931306400197,347.0
2024-06-03,15.37,15.44,15.11,15.32,15.32,2.00%,18039003,18.168499999999998,7.86,-6273.91746416515,347.0,-6494.012158787257,364.0,-6273.91746416515,347.0
2024-06-04,15.15,15.32,14.79,14.89,14.89,-2.81%,16105053,18.168499999999998,7.86,-6276.90504390999,347.0,-6497.104545529537,364.0,-6276.90504390999,347.0
2024-06-05,15.125,15.38,15.075,15.2,15.2,2.08%,21285672,18.168499999999998,7.86,-6279.894046311852,347.0,-6500.198404836932,364.0,-6279.894046311852,347.0
2024-06-06,15.1,15.4,14.94,15.2,15.2,,14519176,18.168499999999998,7.86,-6282.884472048191,347.0,-6503.293737410664,364.0,-6282.884472048191,347.0
2024-06-07,15.2,15.61,14.95,15.59,15.59,2.57%,27041466,18.168499999999998,7.86,-6285.876321796785,347.0,-6506.390543952289,364.0,-6285.876321796785,347.0
2024-06-10,15.39,15.575,15.05,15.19,15.19,-2.57%,19258326,18.168499999999998,7.86,-6288.869596235736,347.0,-6509.488825163695,364.0,-6288.869596235736,347.0
2024-06-11,15.13,15.6,15.0,15.6,15.6,2.70%,20771947,18.168499999999998,7.86,-6291.864296043467,347.0,-6512.588581747106,364.0,-6291.864296043467,347.0
2024-06-12,15.8,16.173,15.7,15.87,15.87,1.73%,16021620,18.168499999999998,7.86,-6294.860421898726,347.0,-6515.689814405081,364.0,-6294.860421898726,347.0
2024-06-13,15.85,15.95,15.46,15.61,15.61,-1.64%,14274589,18.168499999999998,7.86,-6297.857974480582,347.0,-6518.792523840512,364.0,-6297.857974480582,347.0
2024-06-14,15.51,15.69,15.33,15.59,15.59,-0.13%,8575941,18.168499999999998,7.9,-6300.85695446843,347.0,-6521.896710756627,364.0,-6300.85695446843,347.0
2024-06-17,15.49,16.05,15.22,15.84,15.84,1.60%,21176087,18.168499999999998,8.15,-6303.857362541986,347.0,-6525.002375856987,364.0,-6303.857362541986,347.0
2024-06-18,15.7,16.04,15.49,15.8,15.8,-0.25%,16584117,18.168499999999998,8.15,-6306.859199381292,347.0,-6528.1095198454905,364.0,-6306.859199381292,347.0
2024-06-20,15.76,15.82,15.17,15.39,15.39,-2.59%,17256560,18.168499999999998,8.28,-6309.862465666712,347.0,-6531.218143426369,364.0,-6309.862465666712,347.0
2024-06-21,15.38,15.595,15.25,15.51,15.51,0.78%,27673879,18.168499999999998,8.28,-6312.867162078934,347.0,-6534.328247304192,364.0,-6312.867162078934,347.0
2024-06-24,15.51,15.79,15.46,15.67,15.67,1.03%,21115185,18.168499999999998,8.28,-6315.873289298971,347.0,-6537.439832183861,364.0,-6315.873289298971,347.0
2024-06-25,15.92,16.77,15.68,16.71,16.71,6.64%,24567176,18.168499999999998,8.28,-6318.880848008161,347.0,-6540.552898770615,364.0,-6318.880848008161,347.0
2024-06-26,16.46,16.85,16.31,16.77,16.77,0.36%,12905882,18.168499999999998,8.28,-6321.889838888164,347.0,-6543.667447770029,364.0,-6321.889838888164,347.0
2024-06-27,16.88,17.03,16.56,16.57,16.57,-1.19%,12048443,18.168499999999998,8.28,-6324.9002626209685,347.0,-6546.783479888015,364.0,-6324.9002626209685,347.0
2024-06-28,16.5,16.76,16.33,16.61,16.61,0.24%,19872004,18.168499999999998,8.28,-6327.912119888883,347.0,-6549.900995830819,364.0,-6327.912119888883,347.0
2024-07-01,16.43,16.53,15.63,16.02,16.02,-3.55%,17432472,18.168499999999998,8.28,-6330.925411374545,347.0,-6553.019996305024,364.0,-6330.925411374545,347.0
2024-07-02,16.06,16.36,15.7,16.26,16.26,1.50%,11636797,18.168499999999998,8.28,-6333.940137760914,347.0,-6556.140482017549,364.0,-6333.940137760914,347.0
2024-07-03,16.25,16.4,15.57,15.75,15.75,-3.14%,11493237,18.168499999999998,8.28,-6336.956299731276,347.0,-6559.262453675653,364.0,-6336.956299731276,347.0
2024-07-05,15.72,16.42,15.57,16.38,16.38,4.00%,14257116,18.168499999999998,8.28,-6339.973897969243,347.0,-6562.385911986927,364.0,-6339.973897969243,347.0
2024-07-08,16.44,16.558,16.06,16.5,16.5,0.73%,11438927,18.168499999999998,8.28,-6342.992933158752,347.0,-6565.510857659301,364.0,-6342.992933158752,347.0
2024-07-09,16.5,16.87,16.45,16.75,16.75,1.52%,12049768,18.168499999999998,8.28,-6346.013405984066,347.0,-6568.6372914010435,364.0,-6346.013405984066,347.0
2024-07-10,16.78,17.32,16.55,16.84,16.84,0.54%,24202957,18.168499999999998,8.28,-6349.035317129772,347.0,-6571.7652139207585,364.0,-6349.035317129772,347.0
2024-07-11,16.88,17.33,16.11,16.37,16.37,-2.79%,23400895,18.168499999999998,8.28,-6352.058667280786,347.0,-6574.894625927387,364.0,-6352.058667280786,347.0
2024-07-12,16.18,16.38,15.66,16.18,16.18,-1.16%,14584701,18.168499999999998,8.28,-6355.083457122348,347.0,-6578.02552813021,364.0,-6355.083457122348,347.0
2024-07-15,16.42,16.515,15.985,16.21,16.21,0.19%,12002019,18.168499999999998,8.28,-6358.109687340025,347.0,-6597.367921238843,365.0,-6358.109687340025,347.0
2024-07-16,16.36,16.47,15.68,16.14,16.14,-0.43%,21440874,18.168499999999998,8.28,-6361.1373586197105,347.0,-6600.509525010862,365.0,-6361.1373586197105,347.0
2024-07-17,15.74,15.75,14.35,14.57,14.57,-9.73%,36770413,18.168499999999998,8.28,-6364.166471647624,347.0,-6603.652624784676,365.0,-6364.166471647624,347.0
2024-07-18,14.76,14.908,14.34,14.57,14.57,,14723733,18.168499999999998,8.28,-6367.197027110314,347.0,-6606.797221272669,365.0,-6367.197027110314,347.0
2024-07-19,14.51,14.74,14.36,14.4,14.4,-1.17%,12221198,18.168499999999998,8.28,-6370.229025694652,347.0,-6609.943315187561,365.0,-6370.229025694652,347.0
2024-07-22,14.59,14.91,14.56,14.78,14.78,2.64%,10957532,18.168499999999998,8.28,-6373.26246808784,347.0,-6613.090907242412,365.0,-6373.26246808784,347.0
2024-07-23,15.16,15.35,14.31,14.33,14.33,-3.04%,22477921,18.168499999999998,8.28,-6376.297354977405,347.0,-6616.239998150622,365.0,-6376.297354977405,347.0
2024-07-24,13.99,13.99,13.49,13.58,13.58,-5.23%,19952184,18.168499999999998,8.28,-6379.333687051204,347.0,-6619.390588625932,365.0,-6379.333687051204,347.0
2024-07-25,13.57,13.78,13.08,13.45,13.45,-0.96%,18876310,18.168499999999998,8.28,-6382.371464997419,347.0,-6622.54267938242,365.0,-6382.371464997419,347.0
2024-07-26,13.65,13.72,13.245,13.33,13.33,-0.89%,18301720,18.168499999999998,8.28,-6385.410689504561,347.0,-6625.696271134507,365.0,-6385.410689504561,347.0
2024-07-29,13.5,13.55,13.2,13.35,13.35,0.15%,17491461,18.168499999999998,8.28,-6388.451361261467,347.0,-6628.8513645969515,365.0,-6388.451361261467,347.0
2024-07-30,13.31,13.34,12.83,13.09,13.09,-1.95%,29735841,18.168499999999998,8.28,-6391.493480957306,347.0,-6632.007960484855,365.0,-6391.493480957306,347.0
2024-07-31,13.15,13.6,13.055,13.32,13.32,1.76%,27560980,18.168499999999998,8.28,-6394.537049281572,347.0,-6635.166059513657,365.0,-6394.537049281572,347.0
2024-08-01,13.81,13.95,12.71,12.81,12.81,-3.83%,62367527,18.168499999999998,8.28,-6397.582066924087,347.0,-6638.32566239914,365.0,-6397.582066924087,347.0
2024-08-02,10.13,10.42,9.3,9.36,9.36,-26.93%,124970577,18.168499999999998,8.28,-6400.628534575003,347.0,-6641.486769857425,365.0,-6400.628534575003,347.0
2024-08-05,8.51,8.97,8.3,8.71,8.71,-6.94%,52149372,18.168499999999998,8.28,-6403.6764529248,347.0,-6644.649382604976,365.0,-6403.6764529248,347.0
2024-08-06,9.0,9.01,8.52,8.64,8.64,-0.80%,47097413,18.168499999999998,8.28,-6406.725822664288,347.0,-6647.813501358598,365.0,-6406.725822664288,347.0
2024-08-07,8.74,9.05,8.29,8.29,8.29,-4.05%,37159119,18.168499999999998,8.28,-6409.776644484605,347.0,-6650.979126835436,365.0,-6409.776644484605,347.0
2024-08-08,8.43,9.01,8.35,8.94,8.94,7.84%,30984569,18.168499999999998,8.28,-6412.828919077217,347.0,-6654.146259752976,365.0,-6412.828919077217,347.0
2024-08-09,8.92,9.11,8.83,9.05,9.05,1.23%,26475850,18.168499999999998,8.28,-6415.88264713392,347.0,-6657.314900829049,365.0,-6415.88264713392,347.0
2024-08-12,9.06,9.24,8.95,9.02,9.02,-0.33%,15243063,18.168499999999998,8.28,-6418.937829346841,347.0,-6660.485050781825,365.0,-6418.937829346841,347.0
2024-08-13,9.08,9.54,9.08,9.23,9.23,2.33%,21013837,18.168499999999998,8.28,-6421.994466408434,347.0,-6663.656710329816,365.0,-6421.994466408434,347.0
2024-08-14,9.36,9.4,8.935,9.03,9.03,-2.17%,22886013,18.168499999999998,8.28,-6425.052559011486,347.0,-6666.829880191877,365.0,-6425.052559011486,347.0
2024-08-15,9.18,9.43,9.14,9.3,9.3,2.99%,20618175,18.168499999999998,8.28,-6428.1121078491105,347.0,-6679.304561087207,366.0,-6428.1121078491105,347.0
2024-08-16,9.19,9.285,9.03,9.23,9.23,-0.75%,28183360,18.168499999999998,8.28,-6431.173113614753,347.0,-6682.485182306772,366.0,-6431.173113614753,347.0
2024-08-19,9.28,9.52,9.25,9.5,9.5,2.93%,17486088,18.168499999999998,8.28,-6434.235577002189,347.0,-6685.66731810787,366.0,-6434.235577002189,347.0
2024-08-20,9.44,9.61,9.36,9.47,9.47,-0.32%,16353355,18.168499999999998,8.28,-6437.299498705523,347.0,-6688.850969211731,366.0,-6437.299498705523,347.0
2024-08-21,9.52,9.54,9.35,9.48,9.48,0.11%,17946341,18.168499999999998,8.28,-6440.364879419192,347.0,-6692.036136339927,366.0,-6440.364879419192,347.0
2024-08-22,9.48,9.52,9.19,9.25,9.25,-2.43%,19806645,18.168499999999998,8.28,-6443.431719837963,347.0,-6695.222820214374,366.0,-6443.431719837963,347.0
2024-08-23,9.35,9.49,9.325,9.43,9.43,1.95%,17785943,18.168499999999998,8.28,-6446.500020656934,347.0,-6698.411021557334,366.0,-6446.500020656934,347.0
2024-08-26,9.4,9.62,9.384,9.42,9.42,-0.11%,21843391,18.168499999999998,8.28,-6449.569782571532,347.0,-6701.600741091409,366.0,-6449.569782571532,347.0
2024-08-27,9.28,9.57,9.28,9.5,9.5,0.85%,17453874,18.168499999999998,8.28,-6452.6410062775185,347.0,-6704.791979539547,366.0,-6452.6410062775185,347.0
2024-08-28,9.38,9.44,9.13,9.18,9.18,-3.37%,17945092,18.168499999999998,8.28,-6455.713692470984,347.0,-6707.984737625043,366.0,-6455.713692470984,347.0
2024-08-29,9.29,9.44,9.16,9.22,9.22,0.44%,19312615,18.168499999999998,8.28,-6458.7878418483515,347.0,-6711.179016071531,366.0,-6458.7878418483515,347.0
2024-08-30,9.34,9.42,9.18,9.34,9.34,1.30%,17230554,18.168499999999998,8.28,-6461.863455106374,347.0,-6714.374815602993,366.0,-6461.863455106374,347.0
2024-09-03,9.22,9.25,8.81,8.86,8.86,-5.14%,20702838,18.168499999999998,8.28,-6464.940532942139,347.0,-6717.572136943757,366.0,-6464.940532942139,347.0
2024-09-04,8.81,9.02,8.78,8.79,8.79,-0.79%,17385968,18.168499999999998,8.28,-6468.019076053064,347.0,-6720.770980818492,366.0,-6468.019076053064,347.0
2024-09-05,8.77,8.98,8.72,8.87,8.87,0.91%,15422885,18.168499999999998,8.28,-6471.099085136899,347.0,-6723.971347952215,366.0,-6471.099085136899,347.0
2024-09-06,8.89,8.925,8.46,8.62,8.62,-2.82%,24928801,18.168499999999998,8.28,-6474.180560891726,347.0,-6727.173239070287,366.0,-6474.180560891726,347.0
2024-09-09,8.69,8.76,8.42,8.53,8.53,-1.04%,26137720,18.168499999999998,8.28,-6477.26350401596,347.0,-6730.376654898416,366.0,-6477.26350401596,347.0
2024-09-10,8.55,8.67,8.32,8.64,8.64,1.29%,22445461,18.168499999999998,8.28,-6480.347915208349,347.0,-6733.581596162653,366.0,-6480.347915208349,347.0
2024-09-11,8.68,9.0,8.68,9.0,9.0,4.17%,27103245,18.168499999999998,8.28,-6483.433795167972,347.0,-6736.788063589397,366.0,-6483.433795167972,347.0
2024-09-12,9.0,9.44,9.0,9.32,9.32,3.56%,23150252,18.168499999999998,8.28,-6486.521144594242,347.0,-6739.996057905392,366.0,-6486.521144594242,347.0
2024-09-13,9.49,9.79,9.47,9.52,9.52,2.15%,30647688,18.168499999999998,8.28,-6489.609964186906,347.0,-6743.205579837728,366.0,-6489.609964186906,347.0
2024-09-16,9.35,9.825,9.04,9.64,9.64,1.26%,39019703,18.168499999999998,8.28,-6492.700254646043,347.0,-6746.416630113841,366.0,-6492.700254646043,347.0
2024-09-17,9.8,9.96,9.385,9.42,9.42,-2.28%,28486654,18.168499999999998,8.28,-6495.792016672064,347.0,-6749.629209461515,366.0,-6495.792016672064,347.0
2024-09-18,9.44,9.875,9.4,9.67,9.67,2.65%,32524791,18.168499999999998,8.28,-6498.885250965717,347.0,-6752.843318608877,366.0,-6498.885250965717,347.0
2024-09-19,9.99,10.34,9.81,10.07,10.07,4.14%,37009854,18.168499999999998,8.28,-6501.979958228082,347.0,-6756.058958284405,366.0,-6501.979958228082,347.0
2024-09-20,10.02,10.15,9.92,10.05,10.05,-0.20%,33630752,18.168499999999998,8.28,-6505.076139160572,347.0,-6759.276129216922,366.0,-6505.076139160572,347.0
2024-09-23,10.16,10.28,9.94,10.2,10.2,1.49%,35568362,18.168499999999998,8.28,-6508.173794464934,347.0,-6762.494832135596,366.0,-6508.173794464934,347.0
2024-09-24,10.4,10.67,10.22,10.57,10.57,3.63%,35147050,18.168499999999998,8.28,-6511.272924843251,347.0,-6765.7150677699465,366.0,-6511.272924843251,347.0
2024-09-25,10.59,10.8,10.55,10.59,10.59,0.19%,31316675,18.168499999999998,8.28,-6514.373530997937,347.0,-6768.936836849837,366.0,-6514.373530997937,347.0
2024-09-26,10.88,10.93,10.5,10.56,10.56,-0.28%,24807069,18.168499999999998,8.28,-6517.475613631746,347.0,-6772.1601401054795,366.0,-6517.475613631746,347.0
2024-09-27,10.8,11.07,10.745,10.87,10.87,2.94%,25500917,18.168499999999998,8.28,-6520.579173447761,347.0,-6775.384978267434,366.0,-6520.579173447761,347.0
2024-09-30,10.81,10.99,10.68,10.7,10.7,-1.56%,22567090,18.168499999999998,8.28,-6523.6842111494025,347.0,-6778.6113520666095,366.0,-6523.6842111494025,347.0
2024-10-01,10.78,10.91,10.4,10.42,10.42,-2.62%,19195678,18.168499999999998,8.28,-6526.790727440426,347.0,-6781.83926223426,366.0,-6526.790727440426,347.0
2024-10-02,10.32,10.91,10.3,10.88,10.88,4.41%,22138288,18.168499999999998,8.28,-6529.898723024921,347.0,-6785.06870950199,366.0,-6529.898723024921,347.0
2024-10-03,10.63,10.95,10.601,10.74,10.74,-1.29%,15138769,18.168499999999998,8.28,-6533.008198607314,347.0,-6788.299694601753,366.0,-6533.008198607314,347.0
2024-10-04,10.94,10.98,10.615,10.8,10.8,0.56%,15521334,18.168499999999998,8.28,-6536.119154892365,347.0,-6791.532218265849,366.0,-6536.119154892365,347.0
2024-10-07,10.79,10.89,10.42,10.48,10.48,-2.96%,18028241,18.168499999999998,8.28,-6539.231592585171,347.0,-6794.766281226928,366.0,-6539.231592585171,347.0
2024-10-08,10.46,10.71,10.385,10.67,10.67,1.81%,14134438,18.168499999999998,8.28,-6542.3455123911635,347.0,-6798.001884217989,366.0,-6542.3455123911635,347.0
2024-10-09,10.69,10.79,10.61,10.68,10.68,0.09%,11064589,18.168499999999998,8.28,-6545.460915016111,347.0,-6801.239027972379,366.0,-6545.460915016111,347.0
2024-10-10,10.54,10.82,10.52,10.66,10.66,-0.19%,14692163,18.168499999999998,8.28,-6548.577801166119,347.0,-6804.477713223794,366.0,-6548.577801166119,347.0
2024-10-11,10.55,11.19,10.55,11.13,11.13,4.41%,17306013,18.168499999999998,8.28,-6551.696171547626,347.0,-6807.717940706281,366.0,-6551.696171547626,347.0
2024-10-14,11.02,11.2,10.86,11.05,11.05,-0.72%,21296660,18.168499999999998,8.28,-6554.816026867411,347.0,-6810.959711154237,366.0,-6554.816026867411,347.0
2024-10-15,11.05,11.205,10.855,11.04,11.04,-0.09%,16307461,18.168499999999998,8.28,-6557.937367832586,347.0,-6825.243025302406,367.0,-6557.937367832586,347.0
2024-10-16,11.05,11.1,10.67,10.76,10.76,-2.54%,24720651,18.168499999999998,8.28,-6561.060195150601,347.0,-6828.49314102874,367.0,-6561.060195150601,347.0
2024-10-17,10.595,10.69,10.26,10.46,10.46,-2.79%,28907748,18.168499999999998,8.28,-6564.184509529245,347.0,-6831.74480442923,367.0,-6564.184509529245,347.0
2024-10-18,10.56,10.645,10.42,10.49,10.49,0.29%,15179626,18.168499999999998,8.28,-6567.31031167664,347.0,-6834.998016240863,367.0,-6567.31031167664,347.0
2024-10-21,10.45,10.56,10.285,10.33,10.33,-1.53%,17264934,18.168499999999998,8.28,-6570.437602301247,347.0,-6838.252777200977,367.0,-6570.437602301247,347.0
2024-10-22,10.16,10.255,9.94,9.98,9.98,-3.39%,28940039,18.168499999999998,8.28,-6573.566382111867,347.0,-6841.5090880472635,367.0,-6573.566382111867,347.0
2024-10-23,10.21,10.48,10.06,10.15,10.15,1.70%,32444259,18.168499999999998,8.28,-6576.696651817634,347.0,-6844.766949517762,367.0,-6576.696651817634,347.0
2024-10-24,10.2,10.33,10.12,10.27,10.27,1.18%,17213108,18.168499999999998,8.28,-6579.828412128023,347.0,-6848.026362350866,367.0,-6579.828412128023,347.0
2024-10-25,10.33,10.54,10.29,10.45,10.45,1.75%,18672513,18.168499999999998,8.28,-6582.961663752846,347.0,-6851.287327285319,367.0,-6582.961663752846,347.0
2024-10-28,10.63,10.835,10.54,10.71,10.71,2.49%,25316257,18.168499999999998,8.28,-6586.096407402252,347.0,-6854.549845060217,367.0,-6586.096407402252,347.0
2024-10-29,10.75,10.93,10.54,10.89,10.89,1.68%,59701115,18.168499999999998,8.28,-6589.23264378673,347.0,-6857.813916415008,367.0,-6589.23264378673,347.0
2024-10-30,11.53,12.83,11.41,12.62,12.62,15.89%,102519311,18.168499999999998,8.28,-6592.370373617105,347.0,-6861.079542089491,367.0,-6592.370373617105,347.0
2024-10-31,12.57,12.73,12.08,12.16,12.16,-3.65%,76348284,18.168499999999998,8.28,-6595.509597604541,347.0,-6864.34672282382,367.0,-6595.509597604541,347.0
2024-11-01,12.25,12.93,11.97,12.53,12.53,3.04%,49753791,18.168499999999998,8.28,-6598.650316460544,347.0,-6867.615459358498,367.0,-6598.650316460544,347.0
2024-11-04,12.36,12.47,12.06,12.12,12.12,-3.27%,29713379,18.168499999999998,8.28,-6601.792530896953,347.0,-6870.885752434383,367.0,-6601.792530896953,347.0
2024-11-05,12.21,12.33,11.97,12.19,12.19,0.58%,21860962,18.168499999999998,8.29,-6604.936241625952,347.0,-6874.157602792685,367.0,-6604.936241625952,347.0
2024-11-06,12.16,12.36,11.395,11.81,11.81,-3.12%,36562857,18.168499999999998,8.29,-6608.081449360059,347.0,-6877.431011174967,367.0,-6608.081449360059,347.0
2024-11-07,11.89,12.59,11.87,12.48,12.48,5.67%,30530279,18.168499999999998,8.29,-6611.2281548121355,347.0,-6880.705978323146,367.0,-6611.2281548121355,347.0
2024-11-08,12.41,12.45,11.87,12.01,12.01,-3.77%,39240040,18.168499999999998,8.29,-6614.376358695379,347.0,-6883.982504979491,367.0,-6614.376358695379,347.0
2024-11-11,12.1,12.26,11.93,11.96,11.96,-0.42%,31883090,18.168499999999998,8.29,-6617.526061723329,347.0,-6887.260591886624,367.0,-6617.526061723329,347.0
2024-11-12,11.8,11.905,11.23,11.26,11.26,-5.85%,38973884,18.168499999999998,8.29,-6620.677264609863,347.0,-6890.540239787522,367.0,-6620.677264609863,347.0
2024-11-13,11.28,11.385,11.07,11.11,11.11,-1.33%,20588864,18.168499999999998,8.29,-6623.829968069202,347.0,-6893.821449425516,367.0,-6623.829968069202,347.0
2024-11-14,11.11,11.18,10.7,10.76,10.76,-3.15%,32508968,18.168499999999998,8.29,-6626.984172815901,347.0,-6897.10422154429,367.0,-6626.984172815901,347.0
2024-11-15,10.71,10.71,10.49,10.6,10.6,-1.49%,19657230,18.168499999999998,8.29,-6630.139879564861,347.0,-6910.9885568878835,368.0,-6630.139879564861,347.0
