Date,Open,High,Low,Close,Adj. Close,Change,Volume
2020-12-11,146.55000,151.50000,135.10000,139.25000,139.25000,-3.77%,26980830
2020-12-14,135.00000,135.30000,125.16000,130.00000,130.00000,-6.64%,16966089
2020-12-15,126.69000,127.60000,121.50000,124.80000,124.80000,-4.00%,10914432
2020-12-16,125.83000,142.00000,124.91000,137.99000,137.99000,10.57%,20409551
2020-12-17,143.00000,152.45000,142.67000,147.05000,147.05000,6.57%,15054725
2020-12-18,150.45000,159.00000,150.30000,157.30000,157.30000,6.97%,15954235
2020-12-21,155.31000,172.00000,145.11000,163.02000,163.02000,3.64%,17788120
2020-12-22,170.00000,174.97000,161.05000,163.19000,163.19000,0.10%,9886633
2020-12-23,162.81400,168.25000,155.50000,158.01000,158.01000,-3.17%,5852486
2020-12-24,159.16000,162.79000,154.11200,154.84000,154.84000,-2.01%,3621360
2020-12-28,158.60000,163.64000,147.52000,149.00000,149.00000,-3.77%,6205197
2020-12-29,150.00000,151.65100,143.12000,150.00000,150.00000,0.67%,5402266
2020-12-30,151.34000,152.81300,145.60000,148.43000,148.43000,-1.05%,3462445
2020-12-31,146.90000,147.89000,144.51000,146.80000,146.80000,-1.10%,2795813
2021-01-04,150.99000,151.00500,137.00000,139.15000,139.15000,-5.21%,6409884
2021-01-05,138.28000,149.00000,137.25000,148.30000,148.30000,6.58%,5974246
2021-01-06,145.75000,148.35000,141.11000,142.77000,142.77000,-3.73%,4213936
2021-01-07,146.37000,154.42000,145.26100,151.27000,151.27000,5.95%,4482769
2021-01-08,153.45000,155.54000,147.25000,149.77000,149.77000,-0.99%,4615625
2021-01-11,147.99000,150.50000,144.02000,148.13000,148.13000,-1.10%,2801867
2021-01-12,148.08000,163.88000,143.61000,160.80000,160.80000,8.55%,8110792
2021-01-13,160.81000,178.62000,159.35000,169.99000,169.99000,5.72%,12529711
2021-01-14,175.54000,187.42000,174.97500,180.50000,180.50000,6.18%,9926539
2021-01-15,184.58000,185.99500,164.86000,169.27000,169.27000,-6.22%,8575682
2021-01-19,173.00000,178.60000,166.60000,173.69000,173.69000,2.61%,4685415
2021-01-20,176.01000,176.31000,161.00000,161.83000,161.83000,-6.83%,8517416
2021-01-21,164.99000,183.47000,155.33000,180.40000,180.40000,11.48%,17618431
2021-01-22,178.09000,185.30700,175.19000,181.87000,181.87000,0.81%,7136811
2021-01-25,186.05000,192.47000,170.03000,177.53000,177.53000,-2.39%,7472859
2021-01-26,180.00000,193.00000,177.30000,192.74000,192.74000,8.57%,6460904
2021-01-27,187.64000,216.00000,185.50000,201.25000,201.25000,4.42%,11019787
2021-01-28,202.60000,212.84000,187.05000,187.37000,187.37000,-6.90%,7077661
2021-01-29,190.71000,193.50000,179.31000,183.63000,183.63000,-2.00%,4529815
2021-02-01,187.48000,188.82000,179.74000,180.44000,180.44000,-1.74%,3877389
2021-02-02,183.22000,186.47900,177.11000,179.17000,179.17000,-0.70%,4123554
2021-02-03,181.98000,190.90000,180.00000,185.72000,185.72000,3.66%,4168965
2021-02-04,187.07000,195.99000,186.19000,195.80000,195.80000,5.43%,3637039
2021-02-05,197.00000,197.25000,190.25000,195.31000,195.31000,-0.25%,2869659
2021-02-08,199.93000,201.96000,191.50000,200.43000,200.43000,2.62%,3492593
2021-02-09,199.20300,209.22000,196.16000,199.88000,199.88000,-0.27%,4594786
2021-02-10,205.48000,214.71600,202.09700,211.66000,211.66000,5.89%,5198126
2021-02-11,213.50000,219.94000,207.00000,216.84000,216.84000,2.45%,3595183
2021-02-12,214.45800,216.94000,209.00000,212.68000,212.68000,-1.92%,3041744
2021-02-16,216.24000,218.78000,209.09000,209.86000,209.86000,-1.33%,3487929
2021-02-17,207.05000,208.76500,196.02000,201.96000,201.96000,-3.76%,3969207
2021-02-18,199.01000,200.36000,192.17000,198.04000,198.04000,-1.94%,2791419
2021-02-19,203.95000,205.55000,200.18000,201.07000,201.07000,1.53%,2605751
2021-02-22,200.70000,205.00000,193.50000,195.34000,195.34000,-2.85%,3653945
2021-02-23,189.00000,191.67000,175.00000,187.59000,187.59000,-3.97%,5902404
2021-02-24,190.98000,208.14500,189.00000,200.20000,200.20000,6.72%,5983538
2021-02-25,197.41000,199.80000,180.00000,182.06000,182.06000,-9.06%,11269246
2021-02-26,194.18000,214.10000,185.75000,206.35000,206.35000,13.34%,19198441
2021-03-01,195.82000,199.69000,192.62000,196.42000,196.42000,-4.81%,15798527
2021-03-02,195.63000,200.00000,188.50000,189.90000,189.90000,-3.32%,9144947
2021-03-03,186.97000,188.48000,178.80000,180.40000,180.40000,-5.00%,10592934
2021-03-04,178.64000,183.90000,170.87000,180.23000,180.23000,-0.09%,9993671
2021-03-05,182.52000,183.50000,161.90000,179.81000,179.81000,-0.23%,8788544
2021-03-08,179.99200,186.40000,177.03000,180.81000,180.81000,0.56%,4988473
2021-03-09,184.99000,189.46000,180.72000,183.11000,183.11000,1.27%,6079925
2021-03-10,184.57000,191.00000,181.55000,183.79000,183.79000,0.37%,6145645
2021-03-11,189.90000,201.00000,188.50000,197.87000,197.87000,7.66%,6031244
2021-03-12,196.27000,208.70000,192.20000,206.74000,206.74000,4.48%,5556463
2021-03-15,209.53800,213.74000,203.81000,209.99000,209.99000,1.57%,4337470
2021-03-16,209.11000,215.49000,198.18000,200.01000,200.01000,-4.75%,4605572
2021-03-17,195.63000,203.46000,194.44000,201.36000,201.36000,0.67%,3781866
2021-03-18,196.80000,199.90000,190.68000,191.45000,191.45000,-4.92%,3729507
2021-03-19,193.01000,196.49000,187.81000,194.39000,194.39000,1.54%,4444583
2021-03-22,196.85000,203.30000,194.71000,195.00000,195.00000,0.31%,3740448
2021-03-23,195.50000,196.75000,185.74000,187.14000,187.14000,-4.03%,3460590
2021-03-24,189.00000,189.78000,178.51000,178.85000,178.85000,-4.43%,3756097
2021-03-25,173.10000,179.54000,170.50000,176.16000,176.16000,-1.50%,5264100
2021-03-26,178.41600,181.00000,168.00000,174.40000,174.40000,-1.00%,3562912
2021-03-29,175.36000,185.46000,173.50000,182.50000,182.50000,4.64%,4508821
2021-03-30,182.35000,185.23000,178.38000,183.10000,183.10000,0.33%,2903262
2021-03-31,185.43000,192.27500,185.13000,187.94000,187.94000,2.64%,3079510
2021-04-01,192.50000,193.99000,185.37000,188.24000,188.24000,0.16%,2921447
2021-04-05,191.66000,192.10000,185.81000,186.69000,186.69000,-0.82%,2591425
2021-04-06,188.70000,194.48000,187.52000,190.03000,190.03000,1.79%,3565634
2021-04-07,189.38000,190.62000,179.47000,179.94000,179.94000,-5.31%,6663462
2021-04-08,181.64800,183.90000,179.30000,180.18000,180.18000,0.13%,2625274
2021-04-09,179.62000,182.46000,177.25000,179.50000,179.50000,-0.38%,2910167
2021-04-12,179.68000,181.49000,176.25000,176.49000,176.49000,-1.68%,2619833
2021-04-13,175.26500,178.61000,172.14000,177.95000,177.95000,0.83%,3573584
2021-04-14,179.50000,181.46700,175.31000,176.43000,176.43000,-0.85%,2938566
2021-04-15,177.00000,178.24000,174.25000,175.35000,175.35000,-0.61%,2894865
2021-04-16,176.01200,179.51000,172.94000,178.69000,178.69000,1.90%,3058294
2021-04-19,177.32000,178.72000,171.50000,174.58000,174.58000,-2.30%,3125736
2021-04-20,173.18400,175.00000,165.52000,169.57000,169.57000,-2.87%,4574999
2021-04-21,168.09000,170.32000,164.12000,167.07000,167.07000,-1.47%,3878608
2021-04-22,168.49000,176.92000,168.43000,170.71000,170.71000,2.18%,3856499
2021-04-23,172.91900,178.25000,172.00000,174.25000,174.25000,2.07%,3335128
2021-04-26,175.21000,176.03100,171.07000,174.88000,174.88000,0.36%,2549403
2021-04-27,176.16500,179.61000,174.80000,177.94000,177.94000,1.75%,2882972
2021-04-28,174.43700,181.67000,173.35100,180.00000,180.00000,1.16%,2409708
2021-04-29,182.75000,183.22000,173.35000,177.68000,177.68000,-1.29%,3116021
2021-04-30,173.00400,176.45000,172.01000,172.71000,172.71000,-2.80%,3579957
2021-05-03,173.19000,173.44000,167.80000,168.11000,168.11000,-2.66%,3149738
2021-05-04,167.01500,169.04000,161.96000,168.90000,168.90000,0.47%,4658011
2021-05-05,169.30000,170.18000,162.12000,162.33000,162.33000,-3.89%,3590067
2021-05-06,161.91000,162.10500,150.70000,153.64000,153.64000,-5.35%,8528976
2021-05-07,156.50000,157.05400,148.78000,151.21000,151.21000,-1.58%,7133990
2021-05-10,150.28400,150.50000,144.52000,146.73000,146.73000,-2.96%,5827152
2021-05-11,139.10000,144.35000,136.01000,142.73000,142.73000,-2.73%,8257386
2021-05-12,140.90000,144.77000,138.75000,140.25000,140.25000,-1.74%,5307514
2021-05-13,142.25000,142.32900,131.28000,135.75000,135.75000,-3.21%,13005365
2021-05-14,137.68000,142.25000,131.67000,141.20000,141.20000,4.01%,20325381
2021-05-17,137.15600,137.79000,130.25300,132.50000,132.50000,-6.16%,39755015
2021-05-18,134.00000,138.40000,131.49000,135.02000,135.02000,1.90%,18555649
2021-05-19,129.95000,138.38000,129.71000,138.19000,138.19000,2.35%,15565537
2021-05-20,138.83900,138.89000,135.65000,136.20000,136.20000,-1.44%,8903573
2021-05-21,136.55000,137.17000,132.88000,134.71000,134.71000,-1.09%,10056483
2021-05-24,135.50000,137.98000,134.39000,135.91000,135.91000,0.89%,8543614
2021-05-25,137.40000,137.85000,133.56000,133.99000,133.99000,-1.41%,10435842
2021-05-26,134.94000,135.76000,133.72100,134.75000,134.75000,0.57%,8179216
2021-05-27,135.07000,143.82000,134.50000,143.17000,143.17000,6.25%,21270189
2021-05-28,144.76000,145.00000,140.25000,140.40000,140.40000,-1.93%,12000561
2021-06-01,143.89000,146.08900,141.59000,144.31000,144.31000,2.78%,16552092
2021-06-02,145.35000,152.70000,144.40000,151.00000,151.00000,4.64%,16245118
2021-06-03,149.55000,151.12000,143.80000,144.19000,144.19000,-4.51%,11083344
2021-06-04,145.83000,151.57000,145.00000,150.73000,150.73000,4.54%,8534867
2021-06-07,150.96000,150.96000,146.40000,148.97000,148.97000,-1.17%,7780222
2021-06-08,150.60000,150.75000,145.80000,147.01000,147.01000,-1.32%,7125810
2021-06-09,148.57000,149.36000,144.46000,144.85000,144.85000,-1.47%,5606457
2021-06-10,142.15000,147.45000,141.04000,146.12000,146.12000,0.88%,9482482
2021-06-11,145.87000,148.95000,145.20000,148.44000,148.44000,1.59%,4819914
2021-06-14,149.25000,149.60000,146.85000,149.21000,149.21000,0.52%,6107480
2021-06-15,149.20000,153.74000,148.84000,151.78000,151.78000,1.72%,12007681
2021-06-16,150.95000,152.35000,146.92000,149.15000,149.15000,-1.73%,9603920
2021-06-17,148.99000,152.29000,148.61200,150.70000,150.70000,1.04%,8171295
2021-06-18,150.38000,154.80000,149.40000,152.52000,152.52000,1.21%,11628917
2021-06-21,152.52000,152.61000,145.83000,149.70000,149.70000,-1.85%,8040208
2021-06-22,149.75000,151.64700,148.40000,149.68000,149.68000,-0.01%,5790390
2021-06-23,149.76000,154.59000,147.80000,151.58000,151.58000,1.27%,9335718
2021-06-24,152.67000,153.62700,149.86000,150.73000,150.73000,-0.56%,8173384
2021-06-25,151.23000,153.17000,149.28000,149.67000,149.67000,-0.70%,6452449
2021-06-28,148.61500,150.93000,147.08000,149.94000,149.94000,0.18%,6450955
2021-06-29,149.75000,149.94000,145.77000,146.08000,146.08000,-2.57%,7478999
2021-06-30,145.54500,154.09000,144.24500,153.14000,153.14000,4.83%,9798633
2021-07-01,154.50000,157.41000,151.41000,153.08000,153.08000,-0.04%,9793859
2021-07-02,153.31000,154.95000,149.56000,150.23000,150.23000,-1.86%,4844712
2021-07-06,150.08000,152.80000,147.81000,148.37000,148.37000,-1.24%,5069422
2021-07-07,148.15000,148.94000,143.60000,143.72000,143.72000,-3.13%,5650921
2021-07-08,140.43000,143.73000,139.53000,142.53000,142.53000,-0.83%,4827157
2021-07-09,143.30000,150.26000,143.30000,149.64000,149.64000,4.99%,7065139
2021-07-12,148.99000,150.42000,146.01000,146.69000,146.69000,-1.97%,3276273
2021-07-13,147.69500,147.69500,143.00000,143.41000,143.41000,-2.24%,5871457
2021-07-14,143.86000,144.20000,139.04000,139.09000,139.09000,-3.01%,8545476
2021-07-15,139.18000,140.52000,136.54000,137.50000,137.50000,-1.14%,6576068
2021-07-16,139.69000,139.79000,133.51000,134.31000,134.31000,-2.32%,6094631
2021-07-19,131.36000,133.77000,130.31000,131.88000,131.88000,-1.81%,7215671
2021-07-20,132.75000,137.43500,131.70000,136.09000,136.09000,3.19%,6274608
2021-07-21,136.71000,140.15000,135.72500,139.25000,139.25000,2.32%,5269631
2021-07-22,141.29000,141.29000,137.66000,139.47000,139.47000,0.16%,4628360
2021-07-23,139.80000,140.00000,137.41000,138.73000,138.73000,-0.53%,2811110
2021-07-26,139.13000,142.19000,137.20000,142.00000,142.00000,2.36%,6489516
2021-07-27,141.25500,142.52000,138.31000,141.58000,141.58000,-0.30%,5113147
2021-07-28,141.31000,143.73000,141.03000,143.30000,143.30000,1.21%,4466785
2021-07-29,143.64600,145.00000,141.71000,143.47000,143.47000,0.12%,4969865
2021-07-30,141.75000,144.69000,141.74000,144.01000,144.01000,0.38%,4167130
2021-08-02,143.85000,146.27000,143.40000,145.49000,145.49000,1.03%,4522437
2021-08-03,147.72800,147.79000,143.28000,145.65000,145.65000,0.11%,5491010
2021-08-04,145.10000,147.46000,145.01000,147.40000,147.40000,1.20%,4631430
2021-08-05,146.67000,150.41000,146.39900,150.32000,150.32000,1.98%,4737513
2021-08-06,148.99000,150.19000,147.55000,149.99000,149.99000,-0.22%,4043474
2021-08-09,148.74000,151.00000,148.70000,149.44000,149.44000,-0.37%,5541924
2021-08-10,149.36500,150.76000,147.85000,147.95000,147.95000,-1.00%,5149830
2021-08-11,147.54000,149.28000,145.15800,148.16000,148.16000,0.14%,6717728
2021-08-12,148.86000,151.68000,146.55000,151.15000,151.15000,2.02%,8925109
2021-08-13,146.66000,152.76000,144.51000,152.76000,152.76000,1.07%,16648021
2021-08-16,151.99000,152.03000,144.90000,148.57000,148.57000,-2.74%,7720442
2021-08-17,145.00000,148.20000,143.58000,143.90000,143.90000,-3.14%,7855110
2021-08-18,144.02000,148.68000,141.70000,146.74000,146.74000,1.97%,5190073
2021-08-19,143.79100,145.28000,141.92000,142.65000,142.65000,-2.79%,4732393
2021-08-20,142.00000,143.94900,141.50000,143.70000,143.70000,0.74%,2996182
2021-08-23,144.90000,147.63000,144.15000,146.79000,146.79000,2.15%,4727431
2021-08-24,147.00000,161.98000,146.50000,161.42000,161.42000,9.97%,22096778
2021-08-25,158.76400,163.05900,158.00000,160.35000,160.35000,-0.66%,7267704
2021-08-26,159.34000,159.50000,151.45000,152.73000,152.73000,-4.75%,7242951
2021-08-27,152.25100,156.44000,151.45000,154.18000,154.18000,0.95%,4818820
2021-08-30,154.41000,157.49000,151.92000,156.02000,156.02000,1.19%,3968745
2021-08-31,155.94000,158.15000,153.58000,154.99000,154.99000,-0.66%,7403951
2021-09-01,154.84000,158.64000,154.29000,156.59000,156.59000,1.03%,4324746
2021-09-02,156.50000,159.46000,156.50000,157.20000,157.20000,0.39%,3302257
2021-09-03,158.05000,160.64000,157.20000,158.00000,158.00000,0.51%,4460935
2021-09-07,159.72000,165.73500,159.55000,165.00000,165.00000,4.43%,11017034
2021-09-08,163.23000,166.55000,161.60000,163.93000,163.93000,-0.65%,5866501
2021-09-09,163.00000,166.97000,160.83000,166.00000,166.00000,1.26%,5935754
2021-09-10,166.95000,168.23600,165.01000,165.20000,165.20000,-0.48%,3985251
2021-09-13,160.25000,162.99000,154.79000,160.32000,160.32000,-2.95%,7520949
2021-09-14,160.66000,164.70000,159.41000,163.30000,163.30000,1.86%,4655503
2021-09-15,162.32000,166.63000,160.49000,166.37000,166.37000,1.88%,5656017
2021-09-16,165.26000,169.45000,165.04000,168.15000,168.15000,1.07%,6094825
2021-09-17,169.30000,170.00000,163.61000,166.59000,166.59000,-0.93%,20024675
2021-09-20,162.24000,166.54000,159.44500,161.64000,161.64000,-2.97%,6846832
2021-09-21,164.00000,170.01000,162.96000,169.29000,169.29000,4.73%,8592501
2021-09-22,170.02900,171.81000,167.37100,169.96000,169.96000,0.40%,4353595
2021-09-23,171.55000,176.00000,170.50000,175.13000,175.13000,3.04%,5370786
2021-09-24,174.53000,176.96000,173.61000,175.88000,175.88000,0.43%,4084868
2021-09-27,175.00000,176.31900,172.02000,174.26000,174.26000,-0.92%,3551430
2021-09-28,172.51600,173.56000,166.90000,168.58000,168.58000,-3.26%,4362803
2021-09-29,170.10000,171.22100,166.55000,168.07000,168.07000,-0.30%,2788740
2021-09-30,168.10000,169.50000,165.71000,167.75000,167.75000,-0.19%,2663690
2021-10-01,170.31000,173.20000,168.55000,173.01000,173.01000,3.14%,4963044
2021-10-04,171.99000,172.26000,164.03000,164.50000,164.50000,-4.92%,4459382
2021-10-05,165.67000,166.59000,162.43000,164.74000,164.74000,0.15%,4340100
2021-10-06,161.39000,167.32000,160.63000,167.25000,167.25000,1.52%,2461482
2021-10-07,170.00000,171.27000,168.60000,169.60000,169.60000,1.41%,2119612
2021-10-08,170.10000,174.10000,169.48000,169.97000,169.97000,0.22%,2265114
2021-10-11,170.00000,171.54000,166.63000,166.67000,166.67000,-1.94%,2046310
2021-10-12,172.69400,175.90000,171.23000,172.75000,172.75000,3.65%,6028098
2021-10-13,173.00000,175.19000,171.80000,173.58000,173.58000,0.48%,3523610
2021-10-14,175.24000,176.75000,170.04000,170.50000,170.50000,-1.77%,4145257
2021-10-15,171.90000,172.95000,168.58000,169.18000,169.18000,-0.77%,3592734
2021-10-18,167.50000,172.70000,167.11000,172.32000,172.32000,1.86%,2793704
2021-10-19,172.57000,172.81000,170.06000,170.74000,170.74000,-0.92%,2776646
2021-10-20,170.06000,171.94000,168.20000,169.76000,169.76000,-0.57%,2687022
2021-10-21,169.07400,171.53000,167.70000,170.50000,170.50000,0.44%,2889355
2021-10-22,169.30000,169.44000,165.16000,166.64000,166.64000,-2.26%,2985991
2021-10-25,166.69000,170.32900,166.65000,169.24000,169.24000,1.56%,2620794
2021-10-26,170.40000,172.00000,167.90000,171.14000,171.14000,1.12%,2937893
2021-10-27,170.74000,172.65000,168.88000,169.10000,169.10000,-1.19%,3009842
2021-10-28,170.20000,171.85000,168.71000,171.70000,171.70000,1.54%,2143659
2021-10-29,171.39000,171.39000,168.84900,170.66000,170.66000,-0.61%,2294417
2021-11-01,170.50000,175.44000,170.50000,174.60000,174.60000,2.31%,4374990
2021-11-02,174.95000,175.30000,170.58000,172.87000,172.87000,-0.99%,3278277
2021-11-03,171.89000,173.75000,170.93000,172.87000,172.87000,,2827068
2021-11-04,175.95000,179.43500,173.96000,178.45000,178.45000,3.23%,9664613
2021-11-05,186.15000,203.29500,185.94400,201.62000,201.62000,12.98%,27330521
2021-11-08,203.35000,211.33600,199.75000,200.32000,200.32000,-0.64%,12855319
2021-11-09,201.44000,201.50000,187.50000,194.68000,194.68000,-2.82%,8946266
2021-11-10,190.23000,195.00000,189.28000,192.22000,192.22000,-1.26%,6704083
2021-11-11,195.20000,197.93000,190.77000,191.61000,191.61000,-0.32%,5899031
2021-11-12,192.46500,208.16000,192.06000,206.54000,206.54000,7.79%,12036965
2021-11-15,206.20000,209.24000,204.16000,207.21000,207.21000,0.32%,7479309
2021-11-16,205.59000,209.93000,203.47000,207.04000,207.04000,-0.08%,4431316
2021-11-17,207.00000,212.58400,198.40000,199.11000,199.11000,-3.83%,6383375
2021-11-18,199.34000,205.00000,196.00000,204.33000,204.33000,2.62%,4601086
2021-11-19,196.60000,199.36000,190.50000,196.42000,196.42000,-3.87%,8185488
2021-11-22,190.44000,190.76000,176.72000,181.73000,181.73000,-7.48%,12626362
2021-11-23,181.14300,183.73000,175.25000,178.27000,178.27000,-1.90%,6456729
2021-11-24,175.63000,182.78000,175.00000,179.89000,179.89000,0.91%,4763328
2021-11-26,167.76000,174.64000,167.04000,173.86000,173.86000,-3.35%,6044126
2021-11-29,176.88000,180.70000,175.90000,180.08000,180.08000,3.58%,5317368
2021-11-30,176.40500,180.64000,170.92100,172.54000,172.54000,-4.19%,10682739
2021-12-01,174.01000,180.13000,162.03000,163.08000,163.08000,-5.48%,7657589
2021-12-02,161.36000,170.29500,160.49000,169.60000,169.60000,4.00%,5687601
2021-12-03,168.98000,170.73000,162.14000,166.75000,166.75000,-1.68%,6460855
2021-12-06,167.27500,181.93000,162.85000,180.85000,180.85000,8.46%,9813848
2021-12-07,185.61000,187.50000,182.02000,183.14000,183.14000,1.27%,6264558
2021-12-08,186.00000,187.50000,182.14000,186.49000,186.49000,1.83%,4218671
2021-12-09,182.09000,185.30200,179.28000,181.46000,181.46000,-2.70%,3518025
2021-12-10,178.15000,181.10000,175.85400,180.42000,180.42000,-0.57%,3980441
2021-12-13,178.25000,180.00000,168.89000,171.04000,171.04000,-5.20%,7263664
2021-12-14,168.29800,169.91000,164.50000,167.96000,167.96000,-1.80%,5660417
2021-12-15,167.64000,168.96000,160.18000,168.14000,168.14000,0.11%,6678543
2021-12-16,166.25000,167.73000,153.60000,156.38000,156.38000,-6.99%,9415120
2021-12-17,154.62000,158.31000,149.44000,157.91000,157.91000,0.98%,24062440
2021-12-20,151.16000,158.48000,151.00000,157.23000,157.23000,-0.43%,4639263
2021-12-21,159.50000,167.27500,158.37000,165.66000,165.66000,5.36%,6293459
2021-12-22,165.68000,170.68000,162.80000,169.29000,169.29000,2.19%,4802483
2021-12-23,170.50000,171.99000,166.89000,171.31000,171.31000,1.19%,4017435
2021-12-27,169.80600,172.43000,168.78000,171.68000,171.68000,0.22%,2726288
2021-12-28,171.32000,172.73000,167.73000,169.71000,169.71000,-1.15%,2297204
2021-12-29,169.52000,170.48000,165.02000,167.44000,167.44000,-1.34%,1995405
2021-12-30,167.06000,170.85000,165.71000,168.78000,168.78000,0.80%,2181120
2021-12-31,168.78000,170.87000,166.08000,166.49000,166.49000,-1.36%,2591090
2022-01-03,165.29700,172.84000,165.22000,172.68000,172.68000,3.72%,4241965
2022-01-04,174.15400,175.90000,167.20000,170.80000,170.80000,-1.09%,4079976
2022-01-05,169.88300,175.10700,162.24000,162.25000,162.25000,-5.01%,4804571
2022-01-06,160.29000,163.73000,156.34000,159.75000,159.75000,-1.54%,5049594
2022-01-07,159.18000,166.88000,158.45500,166.05000,166.05000,3.94%,5624579
2022-01-10,159.76000,161.70000,152.10000,160.71000,160.71000,-3.22%,6973588
2022-01-11,160.71000,169.39000,159.07800,168.61000,168.61000,4.92%,5321334
2022-01-12,170.24000,171.04000,165.11000,169.54000,169.54000,0.55%,3534275
2022-01-13,170.23300,171.99000,165.76500,166.00000,166.00000,-2.09%,4893757
2022-01-14,165.75000,167.63000,160.24000,163.99000,163.99000,-1.21%,4144039
2022-01-18,156.91000,160.79000,153.87000,154.69000,154.69000,-5.67%,5768963
2022-01-19,157.00000,160.23000,154.44000,154.58000,154.58000,-0.07%,5078626
2022-01-20,157.80800,165.20000,157.35000,158.00000,158.00000,2.21%,4941879
2022-01-21,156.81500,160.20000,152.41000,156.73000,156.73000,-0.80%,7242250
2022-01-24,150.00000,151.16000,135.76000,147.90000,147.90000,-5.63%,14627354
2022-01-25,143.90000,147.38000,140.13000,144.56000,144.56000,-2.26%,5704888
2022-01-26,149.28500,152.40000,140.04100,142.14000,142.14000,-1.67%,6990314
2022-01-27,143.48000,145.54800,137.92000,138.41000,138.41000,-2.62%,4493776
2022-01-28,138.54500,143.11000,134.37400,142.77000,142.77000,3.15%,5604415
2022-01-31,144.80300,153.97000,143.81000,153.97000,153.97000,7.84%,5463016
2022-02-01,155.35000,157.39000,152.50000,156.94000,156.94000,1.93%,3799303
2022-02-02,156.31300,156.51000,150.71200,151.76000,151.76000,-3.30%,3678315
2022-02-03,147.97000,152.18000,146.68000,149.57000,149.57000,-1.44%,4577057
2022-02-04,150.14000,157.24000,150.00000,155.56000,155.56000,4.00%,4687701
2022-02-07,156.79000,160.88000,155.95000,157.91000,157.91000,1.51%,4690668
2022-02-08,154.00000,163.07900,153.44000,162.26000,162.26000,2.75%,4309070
2022-02-09,165.37000,170.07000,165.08000,169.53000,169.53000,4.48%,4868311
2022-02-10,165.24500,177.06000,165.24500,171.95000,171.95000,1.43%,8261379
2022-02-11,175.30900,176.74000,164.83000,166.53000,166.53000,-3.15%,6464397
2022-02-14,166.63000,171.80000,165.03000,169.66000,169.66000,1.88%,4847552
2022-02-15,172.92000,180.63200,172.75000,180.07000,180.07000,6.14%,11733939
2022-02-16,178.29500,191.73000,178.00000,186.64000,186.64000,3.65%,22252851
2022-02-17,184.90000,188.98000,181.54000,183.60000,183.60000,-1.63%,7779201
2022-02-18,180.26000,182.66000,173.62000,174.90000,174.90000,-4.74%,8848753
2022-02-22,172.13000,176.38000,161.32000,165.24000,165.24000,-5.52%,8340754
2022-02-23,165.93000,166.65500,149.85000,150.04000,150.04000,-9.20%,9778477
2022-02-24,141.30000,158.96000,141.18000,158.26000,158.26000,5.48%,10354648
2022-02-25,159.26000,159.45000,152.91000,155.09000,155.09000,-2.00%,6173207
2022-02-28,155.02500,155.09600,148.30000,151.49000,151.49000,-2.32%,11078496
2022-03-01,150.53000,154.22000,149.95000,151.01000,151.01000,-0.32%,5165768
2022-03-02,152.48000,158.08000,151.89000,157.53000,157.53000,4.32%,5028250
2022-03-03,158.33000,159.22000,150.99000,151.69000,151.69000,-3.71%,4045757
2022-03-04,150.77000,151.89000,140.46000,142.70000,142.70000,-5.93%,8397063
2022-03-07,145.00000,145.27000,131.52000,131.59000,131.59000,-7.79%,9177270
2022-03-08,131.63000,144.47000,131.50000,142.13000,142.13000,8.01%,9586994
2022-03-09,145.43000,150.99000,145.33000,148.31000,148.31000,4.35%,7023908
2022-03-10,145.22000,152.89000,144.40900,151.80000,151.80000,2.35%,5302511
2022-03-11,154.13000,155.00000,145.00000,145.14000,145.14000,-4.39%,4577255
2022-03-14,143.41000,144.67000,136.04000,138.50000,138.50000,-4.57%,6330206
2022-03-15,140.00000,144.73000,138.32000,143.95000,143.95000,3.94%,5488743
2022-03-16,148.14500,156.98000,146.31000,155.75000,155.75000,8.20%,7105370
2022-03-17,153.79000,157.60000,151.05000,157.55000,157.55000,1.16%,5031682
2022-03-18,156.07000,167.18000,155.70000,167.00000,167.00000,6.00%,8372528
2022-03-21,164.57000,165.95000,159.00000,161.80000,161.80000,-3.11%,4572974
2022-03-22,163.61000,168.17500,162.00000,166.44000,166.44000,2.87%,4038323
2022-03-23,163.64000,166.89000,162.88000,164.16000,164.16000,-1.37%,2814305
2022-03-24,164.81000,171.00000,162.66800,170.83000,170.83000,4.06%,4223466
2022-03-25,169.94000,170.61000,164.13400,167.22000,167.22000,-2.11%,2952272
2022-03-28,167.22000,168.71900,162.43000,167.65000,167.65000,0.26%,3829793
2022-03-29,172.11000,178.88000,171.81000,175.52000,175.52000,4.69%,5452762
2022-03-30,173.13100,176.82000,172.02000,173.63000,173.63000,-1.08%,3707406
2022-03-31,173.54000,176.15000,171.16400,171.76000,171.76000,-1.08%,3232222
2022-04-01,173.06000,177.94000,172.23000,173.07000,173.07000,0.76%,3644935
2022-04-04,175.02000,177.02000,172.58500,177.02000,177.02000,2.28%,3500522
2022-04-05,177.19000,179.09000,170.12000,171.21000,171.21000,-3.28%,3918198
2022-04-06,167.05000,168.77000,161.58000,164.66000,164.66000,-3.83%,4287691
2022-04-07,163.19000,167.86000,161.71000,165.91000,165.91000,0.76%,4146557
2022-04-08,162.52000,164.90000,159.35000,162.56000,162.56000,-2.02%,3448377
2022-04-11,159.84000,163.57000,157.41000,160.25000,160.25000,-1.42%,3877215
2022-04-12,163.70000,166.11000,157.28000,160.11000,160.11000,-0.09%,4113036
2022-04-13,160.84000,172.96000,160.65000,171.85000,171.85000,7.33%,7211893
2022-04-14,171.66000,174.64000,170.29500,170.70000,170.70000,-0.67%,5125142
2022-04-18,169.27000,170.12000,164.35000,165.74000,165.74000,-2.91%,3339887
2022-04-19,165.74000,170.82000,165.71000,170.12000,170.12000,2.64%,2857124
2022-04-20,172.61000,172.61000,164.31000,164.55000,164.55000,-3.27%,3967925
2022-04-21,168.98000,170.93000,156.68000,157.91000,157.91000,-4.04%,4714572
2022-04-22,157.84000,161.67000,154.78000,156.09000,156.09000,-1.15%,3863419
2022-04-25,154.33000,159.79000,152.10000,158.39000,158.39000,1.47%,3868115
2022-04-26,158.40000,159.20000,152.80000,153.04000,153.04000,-3.38%,3998682
2022-04-27,153.82000,157.30000,150.44000,152.23000,152.23000,-0.53%,4825954
2022-04-28,154.01000,161.25500,153.66000,159.74000,159.74000,4.93%,4854490
2022-04-29,158.88000,163.24000,153.00000,153.21000,153.21000,-4.09%,4033057
2022-05-02,153.21000,155.13000,147.21100,152.78000,152.78000,-0.28%,5945287
2022-05-03,154.09000,154.49000,141.58000,145.00000,145.00000,-5.09%,16774660
2022-05-04,152.55000,158.74000,145.87200,156.18000,156.18000,7.71%,20484060
2022-05-05,152.19000,153.88000,140.85800,143.09000,143.09000,-8.38%,11367225
2022-05-06,142.70000,143.11000,133.04000,135.84000,135.84000,-5.07%,9573058
2022-05-09,131.76000,131.88500,118.83000,119.37000,119.37000,-12.12%,14430889
2022-05-10,122.95000,123.46000,113.53000,116.13000,116.13000,-2.71%,13638465
2022-05-11,114.53000,123.77000,112.36700,116.15000,116.15000,0.02%,13661360
2022-05-12,113.66000,120.49000,111.22000,115.94000,115.94000,-0.18%,9264303
2022-05-13,119.96000,123.29000,118.82000,121.45000,121.45000,4.75%,8595379
2022-05-16,121.00000,121.07000,113.25000,114.44000,114.44000,-5.77%,7588370
2022-05-17,119.97000,120.18000,114.51000,117.50000,117.50000,2.67%,6962904
2022-05-18,116.11000,117.04000,107.62000,108.03000,108.03000,-8.06%,9718744
2022-05-19,108.18000,116.35000,107.45000,114.17000,114.17000,5.68%,8926616
2022-05-20,115.46000,116.25000,108.50000,112.55000,112.55000,-1.42%,6961860
2022-05-23,113.54500,115.15000,110.93000,113.28000,113.28000,0.65%,6000751
2022-05-24,111.28000,111.42000,103.74100,106.24000,106.24000,-6.21%,6415752
2022-05-25,105.89000,111.94000,104.97000,110.40000,110.40000,3.92%,6203324
2022-05-26,109.74000,115.55000,108.11000,114.30000,114.30000,3.53%,6883200
2022-05-27,116.00000,120.70000,115.77000,120.50000,120.50000,5.42%,7391500
2022-05-31,120.50000,122.29900,117.16000,120.87000,120.87000,0.31%,9117555
2022-06-01,121.05000,121.07400,114.39500,116.72000,116.72000,-3.43%,6879606
2022-06-02,117.13000,123.00000,116.27000,121.26000,121.26000,3.89%,5177244
2022-06-03,118.07100,121.50000,117.56000,119.83000,119.83000,-1.18%,4584611
2022-06-06,123.33000,124.18000,119.92000,122.02000,122.02000,1.83%,4160239
2022-06-07,119.76000,123.91200,119.12000,122.90000,122.90000,0.72%,3331236
2022-06-08,121.43000,125.51000,121.23000,123.77000,123.77000,0.71%,3775619
2022-06-09,122.31000,122.98000,115.42000,115.72000,115.72000,-6.50%,5315873
2022-06-10,111.80000,115.13000,108.32000,108.91000,108.91000,-5.88%,6941056
2022-06-13,102.85000,105.33000,98.36000,98.93000,98.93000,-9.16%,9587311
2022-06-14,99.54000,101.35000,97.20100,98.87000,98.87000,-0.06%,5915344
2022-06-15,100.02000,103.65000,98.92000,101.47000,101.47000,2.63%,6260439
2022-06-16,96.19000,97.50000,92.09000,93.26000,93.26000,-8.09%,9435656
2022-06-17,93.53000,100.61000,93.53000,99.49000,99.49000,6.68%,11293112
2022-06-21,102.69000,104.88900,101.62000,102.27000,102.27000,2.79%,6532713
2022-06-22,99.00000,102.50000,98.72000,99.53000,99.53000,-2.68%,8986027
2022-06-23,100.00000,100.80000,93.02000,95.72000,95.72000,-3.83%,12340821
2022-06-24,97.52000,104.18000,96.33000,103.51000,103.51000,8.14%,28797396
2022-06-27,103.96000,104.17000,99.33000,101.50000,101.50000,-1.94%,7352143
2022-06-28,103.34000,105.45000,97.09000,97.53000,97.53000,-3.91%,7747662
2022-06-29,96.83000,97.00000,92.05000,93.93000,93.93000,-3.69%,6522572
2022-06-30,92.49000,92.91000,86.71000,89.08000,89.08000,-5.16%,9007783
2022-07-01,89.09000,91.46000,87.43000,91.41000,91.41000,2.62%,5995434
2022-07-05,88.88000,96.01000,86.75000,95.94000,95.94000,4.96%,7653996
2022-07-06,95.29000,96.17000,91.80000,92.88000,92.88000,-3.19%,5702961
2022-07-07,93.66000,97.55000,92.16000,97.50000,97.50000,4.97%,7480538
2022-07-08,96.23000,98.12000,93.24200,97.35000,97.35000,-0.15%,5669474
2022-07-11,96.00000,97.09000,93.27000,95.10000,95.10000,-2.31%,6043682
2022-07-12,95.30000,97.68600,93.32000,96.55000,96.55000,1.52%,4170185
2022-07-13,93.75000,96.58900,91.61000,95.64000,95.64000,-0.94%,6967800
2022-07-14,94.28000,94.58000,90.17000,91.05000,91.05000,-4.80%,8334633
2022-07-15,92.55000,95.65000,90.66000,94.66000,94.66000,3.96%,7497187
2022-07-18,96.78000,101.88000,95.98000,97.67000,97.67000,3.18%,7171484
2022-07-19,99.70000,102.71000,98.76000,102.20000,102.20000,4.64%,5603808
2022-07-20,103.11000,108.92000,102.75000,107.73000,107.73000,5.41%,6834133
2022-07-21,106.98000,108.50000,104.41000,108.14000,108.14000,0.38%,4284851
2022-07-22,108.31000,110.10000,102.93000,103.97000,103.97000,-3.86%,4243932
2022-07-25,103.78000,105.26000,101.47900,104.95000,104.95000,0.94%,3142931
2022-07-26,102.38000,103.63000,101.10000,101.91000,101.91000,-2.90%,4190993
2022-07-27,105.79000,107.98500,104.06000,107.36000,107.36000,5.35%,5362726
2022-07-28,108.17000,110.06000,104.68000,108.84000,108.84000,1.38%,4471883
2022-07-29,108.19500,111.16000,107.11000,110.98000,110.98000,1.97%,4637779
2022-08-01,110.00000,113.96000,107.48000,111.20000,111.20000,0.20%,6019506
2022-08-02,111.67000,117.78000,111.10000,116.34000,116.34000,4.62%,15208217
2022-08-03,108.22500,115.57000,107.65000,115.02000,115.02000,-1.13%,23354938
2022-08-04,114.31000,119.24000,114.25500,119.22000,119.22000,3.65%,9180317
2022-08-05,115.52000,118.87000,114.82000,117.11000,117.11000,-1.77%,6494951
2022-08-08,118.15500,119.64000,115.43000,115.82000,115.82000,-1.10%,5382935
2022-08-09,115.00000,115.67000,112.80000,114.44000,114.44000,-1.19%,4201213
2022-08-10,119.33000,120.34000,116.30000,118.73000,118.73000,3.75%,5529014
2022-08-11,121.30000,127.09000,120.96000,121.50000,121.50000,2.33%,8110104
2022-08-12,122.80000,125.00000,121.12000,124.51000,124.51000,2.48%,5012478
2022-08-15,123.55000,126.43500,123.20000,126.04000,126.04000,1.23%,4884711
2022-08-16,124.23000,125.42000,122.62000,124.18000,124.18000,-1.48%,4371514
2022-08-17,121.63000,123.27000,120.64000,121.87000,121.87000,-1.86%,4336182
2022-08-18,121.50000,122.20000,120.28000,121.27000,121.27000,-0.49%,3373946
2022-08-19,118.18500,119.22000,114.10000,114.76000,114.76000,-5.37%,5288830
2022-08-22,110.36000,114.22800,109.97000,111.39000,111.39000,-2.94%,6057435
2022-08-23,112.41000,114.02000,111.41000,111.60000,111.60000,0.19%,5447183
2022-08-24,110.93000,115.57000,110.84000,114.51000,114.51000,2.61%,3633950
2022-08-25,115.89000,117.95000,115.42000,117.03000,117.03000,2.20%,4021587
2022-08-26,117.06000,118.27000,112.78000,112.82000,112.82000,-3.60%,3778708
2022-08-29,111.77000,115.80000,111.53000,113.54000,113.54000,0.64%,4613351
2022-08-30,114.50000,116.02000,110.44000,112.56000,112.56000,-0.86%,4507191
2022-08-31,113.49000,115.58000,112.40000,113.12000,113.12000,0.50%,6191562
2022-09-01,111.10000,114.08000,108.17000,113.40000,113.40000,0.25%,5661493
2022-09-02,114.32000,116.46000,112.33000,113.64000,113.64000,0.21%,4121736
2022-09-06,114.09000,114.52000,110.50000,113.70000,113.70000,0.05%,4062131
2022-09-07,112.85000,116.44000,112.71000,116.07000,116.07000,2.08%,4619318
2022-09-08,114.00000,119.34700,114.00000,118.58000,118.58000,2.16%,4063966
2022-09-09,120.01800,123.71000,119.90000,123.48000,123.48000,4.13%,5418591
2022-09-12,124.25000,127.24000,123.78500,124.79000,124.79000,1.06%,6993308
2022-09-13,119.70000,123.86000,119.05000,121.54000,121.54000,-2.60%,7126468
2022-09-14,121.63000,127.00000,119.51000,126.80000,126.80000,4.33%,5690127
2022-09-15,125.29000,129.38000,124.28000,125.04000,125.04000,-1.39%,6606137
2022-09-16,121.11000,122.26000,117.59000,118.75000,118.75000,-5.03%,13704405
2022-09-19,116.87000,119.78000,116.47000,118.78000,118.78000,0.03%,4715382
2022-09-20,117.93000,121.66000,116.62000,116.71000,116.71000,-1.74%,5610900
2022-09-21,116.37000,119.33000,112.36000,114.01000,114.01000,-2.31%,6898713
2022-09-22,112.67000,113.72000,103.26000,103.72000,103.72000,-9.03%,8381930
2022-09-23,102.20000,103.18000,99.71000,101.75000,101.75000,-1.90%,6245555
2022-09-26,101.78000,105.36000,101.56000,103.23000,103.23000,1.45%,5278759
2022-09-27,106.04000,108.17000,104.14000,106.37000,106.37000,3.04%,5081006
2022-09-28,106.70100,111.13000,105.78000,110.69000,110.69000,4.06%,4518240
2022-09-29,109.19000,109.47500,105.17000,106.66000,106.66000,-3.64%,4264336
2022-09-30,104.76000,109.08000,104.73000,105.04000,105.04000,-1.52%,4750577
2022-10-03,105.49000,106.35000,102.18000,105.00000,105.00000,-0.04%,6208938
2022-10-04,109.14000,111.61000,108.68000,110.81000,110.81000,5.53%,4834992
2022-10-05,110.52000,112.34000,107.84000,111.76000,111.76000,0.86%,4008655
2022-10-06,112.00000,114.41000,110.20000,111.58000,111.58000,-0.16%,3446542
2022-10-07,108.87000,109.53200,107.10000,108.54000,108.54000,-2.72%,3352741
2022-10-10,108.55000,111.62000,107.41000,110.99000,110.99000,2.26%,3945173
2022-10-11,110.98800,111.00000,103.59500,106.82000,106.82000,-3.76%,5696693
2022-10-12,107.47000,112.98000,106.11000,112.35000,112.35000,5.18%,5547542
2022-10-13,107.30000,113.13000,105.30000,112.65000,112.65000,0.27%,6172480
2022-10-14,115.00000,116.44800,109.01000,109.16000,109.16000,-3.10%,5001698
2022-10-17,112.33000,116.76000,111.03000,116.50000,116.50000,6.72%,5423881
2022-10-18,120.03000,120.71000,115.70000,117.94000,117.94000,1.24%,5580013
2022-10-19,116.23500,118.84000,115.30000,116.87000,116.87000,-0.91%,3408865
2022-10-20,116.35000,120.56000,116.00000,117.00000,117.00000,0.11%,3962235
2022-10-21,116.76000,120.34000,114.64000,119.95000,119.95000,2.52%,4146060
2022-10-24,118.33000,119.07000,112.82400,116.39000,116.39000,-2.97%,4452813
2022-10-25,115.37000,119.38000,112.63000,118.45000,118.45000,1.77%,6278920
2022-10-26,117.00000,119.91000,114.97000,115.31000,115.31000,-2.65%,4268449
2022-10-27,116.05000,116.37000,111.92500,112.06000,112.06000,-2.82%,4593997
2022-10-28,111.19000,115.25000,110.39000,115.21000,115.21000,2.81%,4757271
2022-10-31,113.06000,113.80000,106.67000,106.91000,106.91000,-7.20%,10733821
2022-11-01,110.96500,113.10000,108.00000,109.05000,109.05000,2.00%,15979816
2022-11-02,102.64500,104.98000,94.25000,94.41000,94.41000,-13.43%,29191366
2022-11-03,94.08000,95.31000,91.27200,92.02000,92.02000,-2.53%,10099295
2022-11-04,94.99500,96.16000,92.01000,96.09000,96.09000,4.42%,9717396
2022-11-07,96.76000,97.25000,93.28000,95.46000,95.46000,-0.66%,7972690
2022-11-08,95.53000,101.91900,94.27000,98.90000,98.90000,3.60%,7829381
2022-11-09,97.75000,99.09000,95.15000,95.79000,95.79000,-3.14%,4650860
2022-11-10,100.91000,102.50000,99.04000,102.40000,102.40000,6.90%,7343018
2022-11-11,103.45000,109.77000,102.16000,109.57000,109.57000,7.00%,6864381
2022-11-14,107.74000,108.69000,105.04000,105.16000,105.16000,-4.02%,4951447
2022-11-15,109.27000,111.23500,106.60000,107.01000,107.01000,1.76%,5357427
2022-11-16,107.70000,107.70000,104.38000,104.43000,104.43000,-2.41%,3681831
2022-11-17,101.83000,101.98000,98.85000,99.30000,99.30000,-4.91%,5181201
2022-11-18,100.84000,100.84000,96.60000,97.77000,97.77000,-1.54%,5913126
2022-11-21,97.01000,97.85000,93.92000,95.71000,95.71000,-2.11%,5145740
2022-11-22,93.53000,95.37000,92.98000,95.28000,95.28000,-0.45%,5951592
2022-11-23,95.56000,97.05000,94.34000,96.63000,96.63000,1.42%,4337602
2022-11-25,96.97000,98.83000,96.76000,97.67000,97.67000,1.08%,2245116
2022-11-28,97.00000,98.32000,94.81000,95.30000,95.30000,-2.43%,5136713
2022-11-29,96.10000,97.26000,95.30000,95.38000,95.38000,0.08%,3694023
2022-11-30,95.86000,102.25000,95.72000,102.14000,102.14000,7.09%,8387537
2022-12-01,101.49000,102.76000,99.55000,101.27000,101.27000,-0.85%,5040308
2022-12-02,99.25000,101.74000,98.97000,101.00000,101.00000,-0.27%,4128629
2022-12-05,100.00000,101.17000,98.04000,98.51000,98.51000,-2.47%,3601549
2022-12-06,98.25000,98.50000,91.90000,93.12000,93.12000,-5.47%,8380946
2022-12-07,88.80500,91.67000,86.88000,91.50000,91.50000,-1.74%,12640481
2022-12-08,92.97000,95.61000,91.75000,94.83000,94.83000,3.64%,6115721
2022-12-09,93.84000,96.66800,93.24000,94.70000,94.70000,-0.14%,4405805
2022-12-12,93.76000,95.96000,93.49000,95.58000,95.58000,0.93%,4664128
2022-12-13,100.37000,100.65000,93.12000,93.34000,93.34000,-2.34%,7378926
2022-12-14,93.54000,95.26000,91.21000,93.93000,93.93000,0.63%,6737816
2022-12-15,91.52000,92.71000,89.52000,90.61000,90.61000,-3.53%,5331958
2022-12-16,89.86000,91.29000,88.56000,89.57000,89.57000,-1.15%,6830248
2022-12-19,89.51000,89.76000,85.40000,85.93000,85.93000,-4.06%,4717138
2022-12-20,86.71000,90.86000,86.52000,87.62000,87.62000,1.97%,7325782
2022-12-21,87.49000,88.79000,86.59000,87.07000,87.07000,-0.63%,5594786
2022-12-22,85.54000,86.09000,82.58000,84.87000,84.87000,-2.53%,5643102
2022-12-23,84.70000,85.51000,83.50000,85.25000,85.25000,0.45%,3057684
2022-12-27,84.78000,84.93000,82.83000,83.49000,83.49000,-2.06%,3982410
2022-12-28,83.25000,84.25000,81.91000,82.49000,82.49000,-1.20%,4931745
2022-12-29,82.97000,85.56000,82.29000,85.23000,85.23000,3.32%,4031346
2022-12-30,83.61000,86.06000,83.60000,85.50000,85.50000,0.32%,3372534
2023-01-03,87.38500,88.14000,84.30000,84.90000,84.90000,-0.70%,3901185
2023-01-04,85.89000,88.84000,84.79000,88.72000,88.72000,4.50%,4817088
2023-01-05,88.48000,88.50000,86.75000,87.71000,87.71000,-1.14%,3419036
2023-01-06,88.52000,88.74000,85.71000,88.52000,88.52000,0.92%,4348374
2023-01-09,90.25500,92.05000,88.88000,89.24000,89.24000,0.81%,4319380
2023-01-10,88.86000,89.62000,86.75000,88.54000,88.54000,-0.78%,4165610
2023-01-11,89.00000,94.83000,88.86400,94.44000,94.44000,6.66%,7718901
2023-01-12,95.31000,98.95000,94.02000,98.49000,98.49000,4.29%,7695221
2023-01-13,97.50000,100.70000,97.42000,100.37000,100.37000,1.91%,6528993
2023-01-17,99.91500,102.73500,99.10000,101.27000,101.27000,0.90%,5496249
2023-01-18,101.41000,103.80000,100.32000,101.11000,101.11000,-0.16%,6062224
2023-01-19,99.84000,100.52000,97.57000,99.10000,99.10000,-1.99%,4996747
2023-01-20,99.01000,101.37000,98.11100,101.28000,101.28000,2.20%,5104017
2023-01-23,101.99000,105.38000,101.35000,105.22000,105.22000,3.89%,4442688
2023-01-24,104.70000,106.39000,103.82000,104.13000,104.13000,-1.04%,3514662
2023-01-25,100.36000,104.67500,99.84100,104.44000,104.44000,0.30%,5169257
2023-01-26,106.30000,109.49000,105.67500,109.42000,109.42000,4.77%,5196610
2023-01-27,108.86000,117.12000,108.73500,115.94000,115.94000,5.96%,9548495
2023-01-30,114.13000,115.08000,109.27500,109.48000,109.48000,-5.57%,5469927
2023-01-31,109.48000,111.23000,108.82000,111.11000,111.11000,1.49%,3867201
2023-02-01,111.11000,114.89000,109.83000,113.99000,113.99000,2.59%,4053605
2023-02-02,116.25000,119.85000,116.24000,118.52000,118.52000,3.97%,7166921
2023-02-03,116.04000,121.40000,115.85000,118.70000,118.70000,0.15%,6130725
2023-02-06,117.41000,119.33400,116.81000,118.35000,118.35000,-0.29%,3204147
2023-02-07,117.91000,120.21000,115.13800,119.69000,119.69000,1.13%,4397729
2023-02-08,119.39000,119.81000,115.57000,116.36000,116.36000,-2.78%,3605405
2023-02-09,118.00000,119.28000,114.52000,114.94000,114.94000,-1.22%,4508691
2023-02-10,112.25000,113.36000,106.53800,108.87000,108.87000,-5.28%,6463548
2023-02-13,110.00000,116.90000,109.81000,116.42000,116.42000,6.93%,7657239
2023-02-14,116.29000,121.32000,115.20000,120.87000,120.87000,3.82%,17145033
2023-02-15,130.00000,138.75000,129.85000,137.01000,137.01000,13.35%,32502208
2023-02-16,135.65000,144.63000,134.73000,139.42000,139.42000,1.76%,18705822
2023-02-17,137.43500,138.40000,130.73000,131.60000,131.60000,-5.61%,11386744
2023-02-21,129.77000,132.85000,128.14500,128.78000,128.78000,-2.14%,6618673
2023-02-22,128.14000,128.88000,124.55000,127.21000,127.21000,-1.22%,5758987
2023-02-23,128.21000,128.85000,121.92000,125.52000,125.52000,-1.33%,7013484
2023-02-24,123.04000,124.85000,120.19100,122.78000,122.78000,-2.18%,5119777
2023-02-27,123.95000,125.06000,122.73000,123.53000,123.53000,0.61%,5011368
2023-02-28,125.11000,126.38400,123.03000,123.28000,123.28000,-0.20%,7317099
2023-03-01,122.37500,123.30000,120.39000,120.83000,120.83000,-1.99%,4645027
2023-03-02,119.67000,123.26000,119.36000,122.38000,122.38000,1.28%,4089401
2023-03-03,123.18000,125.87000,122.70000,125.73000,125.73000,2.74%,5499352
2023-03-06,126.35500,129.44000,125.28000,126.33000,126.33000,0.48%,5292491
2023-03-07,125.74000,130.85000,125.50000,126.94000,126.94000,0.48%,5590811
2023-03-08,126.90000,127.66000,124.74000,125.00000,125.00000,-1.53%,3290816
2023-03-09,125.06000,125.20000,119.71000,119.84000,119.84000,-4.13%,6147726
2023-03-10,119.73500,121.44000,115.85000,118.30000,118.30000,-1.29%,5254762
2023-03-13,115.72200,117.90000,113.66000,115.96000,115.96000,-1.98%,5282014
2023-03-14,118.94000,119.10000,114.91000,116.36000,116.36000,0.34%,5416449
2023-03-15,113.86000,114.32000,111.51000,113.58000,113.58000,-2.39%,6305075
2023-03-16,113.95000,120.06000,113.51000,119.99000,119.99000,5.64%,7697232
2023-03-17,119.71500,119.96000,116.55000,118.15000,118.15000,-1.53%,5513629
2023-03-20,118.06000,119.02000,116.62500,118.40000,118.40000,0.21%,3997686
2023-03-21,120.00000,124.43000,119.85000,123.69000,123.69000,4.47%,5374445
2023-03-22,123.89000,125.43000,121.00000,121.17000,121.17000,-2.04%,3971064
2023-03-23,122.51000,124.66000,118.33000,120.30000,120.30000,-0.72%,4028510
2023-03-24,119.50000,119.70000,115.39000,116.92000,116.92000,-2.81%,4292384
2023-03-27,117.99000,119.27400,116.74000,117.91000,117.91000,0.85%,2819623
2023-03-28,117.97000,118.31000,116.01500,116.61000,116.61000,-1.10%,2941034
2023-03-29,118.34000,119.19000,117.15100,118.80000,118.80000,1.88%,2711505
2023-03-30,120.80000,122.65000,120.11000,122.28000,122.28000,2.93%,5437927
2023-03-31,123.30000,125.94000,122.80000,124.40000,124.40000,1.73%,5533754
2023-04-03,123.00000,123.09000,119.71100,121.46000,121.46000,-2.36%,4230612
2023-04-04,121.68000,122.06000,118.21000,118.46000,118.46000,-2.47%,3349254
2023-04-05,117.87000,117.87000,111.49000,115.34000,115.34000,-2.63%,6737046
2023-04-06,113.34000,113.41500,107.66000,109.69000,109.69000,-4.90%,14400096
2023-04-10,108.69000,112.63000,108.40000,112.60000,112.60000,2.65%,5406420
2023-04-11,113.56000,114.80000,112.59000,114.25000,114.25000,1.47%,4845428
2023-04-12,114.80000,115.84000,111.40000,112.42000,112.42000,-1.60%,6068699
2023-04-13,113.18000,114.40000,112.81000,113.95000,113.95000,1.36%,3878120
2023-04-14,113.89000,115.12000,113.02000,114.65000,114.65000,0.61%,3415241
2023-04-17,115.42000,116.18000,114.59000,116.17000,116.17000,1.33%,3248180
2023-04-18,119.83000,121.32000,118.10000,119.19000,119.19000,2.60%,7162212
2023-04-19,118.14500,120.37000,117.64000,120.10000,120.10000,0.76%,3309716
2023-04-20,118.37000,119.70000,117.82000,118.40000,118.40000,-1.42%,4369652
2023-04-21,114.95500,115.75000,112.02000,115.50000,115.50000,-2.45%,7357782
2023-04-24,115.53000,116.40000,114.51000,116.12000,116.12000,0.54%,3240439
2023-04-25,115.31000,115.43000,112.47000,112.50500,112.50500,-3.11%,3659730
2023-04-26,113.50000,114.60000,113.20000,113.68000,113.68000,1.04%,3587710
2023-04-27,114.44000,115.85000,112.28700,115.25000,115.25000,1.38%,3870525
2023-04-28,114.60000,120.47000,113.00000,119.67000,119.67000,3.84%,4974339
2023-05-01,119.26000,122.65000,118.98000,121.42000,121.42000,1.46%,4830645
2023-05-02,120.24000,121.70000,117.94000,120.58000,120.58000,-0.69%,4861759
2023-05-03,120.85000,121.19000,117.97000,118.86000,118.86000,-1.43%,3687660
2023-05-04,118.94000,119.17000,116.18000,117.63000,117.63000,-1.03%,4939904
2023-05-05,120.01000,120.30000,116.93000,119.90000,119.90000,1.93%,6624644
2023-05-08,123.16000,127.55500,122.98000,125.65000,125.65000,4.80%,10142902
2023-05-09,126.60000,128.96000,125.01000,127.07000,127.07000,1.13%,15410317
2023-05-10,109.85000,115.51000,109.37000,113.19000,113.19000,-10.92%,34191000
2023-05-11,113.14000,114.46000,111.04000,111.20000,111.20000,-1.76%,9579405
2023-05-12,111.36000,111.56000,104.21000,105.27500,105.27500,-5.33%,14768544
2023-05-15,105.06000,106.15000,103.55000,105.78000,105.78000,0.48%,5422484
2023-05-16,105.72000,107.58000,104.30000,105.41000,105.41000,-0.35%,5593052
2023-05-17,106.07000,109.93000,104.94000,108.33000,108.33000,2.77%,6887413
2023-05-18,108.34000,112.34000,108.34000,111.87000,111.87000,3.27%,6945927
2023-05-19,110.82000,110.82000,106.64500,107.38000,107.38000,-4.01%,9203689
2023-05-22,106.26000,110.73000,106.20000,109.93000,109.93000,2.37%,7350588
2023-05-23,109.00000,109.70600,105.67000,106.25000,106.25000,-3.35%,6498151
2023-05-24,105.46000,106.59000,103.82000,105.71000,105.71000,-0.51%,5371655
2023-05-25,106.10000,106.52000,103.74000,104.42000,104.42000,-1.22%,4834459
2023-05-26,105.18000,107.61500,104.99000,106.81000,106.81000,2.29%,4680146
2023-05-30,107.72500,108.78900,106.02000,107.19000,107.19000,0.36%,5460117
2023-05-31,105.60000,110.09500,103.74000,109.77000,109.77000,2.41%,10162580
2023-06-01,109.84000,113.54000,109.11000,112.16000,112.16000,2.18%,6644088
2023-06-02,112.93000,118.45000,112.93000,118.06000,118.06000,5.26%,10149972
2023-06-05,115.12000,116.59500,112.31500,115.69000,115.69000,-2.01%,8324362
2023-06-06,115.92000,119.09000,115.41000,117.30000,117.30000,1.39%,5025661
2023-06-07,118.14000,120.16000,115.92000,116.55000,116.55000,-0.64%,4637584
2023-06-08,114.97000,116.33000,113.58000,115.50000,115.50000,-0.90%,4435440
2023-06-09,120.25000,122.74000,117.45000,117.86000,117.86000,2.04%,7430877
2023-06-12,119.36500,125.00000,118.88000,124.59000,124.59000,5.71%,7880981
2023-06-13,124.61000,125.74000,123.22000,124.90000,124.90000,0.25%,5276791
2023-06-14,125.39000,126.38600,122.76500,125.14000,125.14000,0.19%,5696699
2023-06-15,122.96000,128.38000,122.75000,127.85000,127.85000,2.17%,5599370
2023-06-16,128.68000,129.20000,126.79000,128.68000,128.68000,0.65%,6894180
2023-06-20,126.37000,127.63000,124.39500,126.45000,126.45000,-1.73%,5384674
2023-06-21,125.09000,129.26000,125.09000,127.46000,127.46000,0.80%,4711852
2023-06-22,126.58000,128.62000,125.35000,127.96000,127.96000,0.39%,3940483
2023-06-23,125.99000,126.80000,124.00000,124.73000,124.73000,-2.52%,5799995
2023-06-26,122.90000,126.70000,122.80000,123.13000,123.13000,-1.28%,3645763
2023-06-27,124.41000,128.17000,123.32000,127.89000,127.89000,3.87%,4507674
2023-06-28,127.39000,131.88000,126.17000,127.63000,127.63000,-0.20%,6130392
2023-06-29,127.64000,128.00000,123.42000,125.10000,125.10000,-1.98%,4241977
2023-06-30,127.25000,131.14000,127.02000,128.16000,128.16000,2.45%,4604635
2023-07-03,129.28000,134.27000,129.23000,132.35000,132.35000,3.27%,5001785
2023-07-05,131.84500,132.95000,130.53500,131.69000,131.69000,-0.50%,3429919
2023-07-06,129.17000,129.32300,126.06000,128.16000,128.16000,-2.68%,3736527
2023-07-07,128.16000,131.62000,128.06000,130.32000,130.32000,1.69%,3149193
2023-07-10,130.18000,133.33900,129.61000,131.71000,131.71000,1.07%,4051952
2023-07-11,129.45000,138.09000,128.77000,137.54000,137.54000,4.43%,10045591
2023-07-12,139.35000,140.32000,135.52000,137.02000,137.02000,-0.38%,5583563
2023-07-13,138.96000,140.60000,137.30000,140.09000,140.09000,2.24%,5532320
2023-07-14,140.25000,143.57000,139.69000,143.34000,143.34000,2.32%,6728498
2023-07-17,142.29000,147.40000,142.29000,145.36000,145.36000,1.41%,5755755
2023-07-18,144.00000,147.54000,143.75000,146.53000,146.53000,0.80%,4124895
2023-07-19,145.75000,147.67500,144.19000,145.53500,145.53500,-0.68%,4968555
2023-07-20,143.59000,146.27000,143.50000,145.28000,145.28000,-0.18%,4246295
2023-07-21,147.00000,149.99000,146.91000,148.77000,148.77000,2.40%,11813010
2023-07-24,147.06000,148.29000,144.18000,147.62000,147.62000,-0.77%,4373201
2023-07-25,147.61000,150.78000,147.46000,148.65000,148.65000,0.70%,4121251
2023-07-26,147.83000,150.27000,147.09000,150.17000,150.17000,1.02%,4055506
2023-07-27,151.89000,153.17500,147.55500,148.50000,148.50000,-1.11%,5425994
2023-07-28,150.23000,154.49000,150.21000,153.33000,153.33000,3.25%,4164344
2023-07-31,153.86000,154.95000,151.55000,152.19000,152.19000,-0.74%,4459756
2023-08-01,149.62000,150.42000,148.03000,148.91000,148.91000,-2.16%,4524604
2023-08-02,146.45000,147.11500,143.19000,144.56000,144.56000,-2.92%,7030997
2023-08-03,140.94000,143.10300,139.75000,140.88000,140.88000,-2.55%,11483818
2023-08-04,140.47000,145.32000,137.62000,140.17000,140.17000,-0.50%,8623302
2023-08-07,142.00000,144.00000,138.79000,143.20000,143.20000,2.16%,4079123
2023-08-08,140.52000,140.52000,137.03000,139.55000,139.55000,-2.55%,4685767
2023-08-09,140.14000,140.55000,137.33000,137.87000,137.87000,-1.20%,3389682
2023-08-10,139.87000,140.97000,135.65000,135.97000,135.97000,-1.38%,3437587
2023-08-11,134.15000,134.26000,131.70000,133.68000,133.68000,-1.68%,4412738
2023-08-14,133.56000,133.79000,131.74000,133.24000,133.24000,-0.33%,3373839
2023-08-15,132.50000,132.81000,129.73000,129.85000,129.85000,-2.54%,3970461
2023-08-16,129.00000,130.15000,128.40000,128.83000,128.83000,-0.79%,3336853
2023-08-17,129.22000,129.60000,127.37100,127.99000,127.99000,-0.65%,3908528
2023-08-18,124.93000,126.08000,123.38000,125.06000,125.06000,-2.29%,5963616
2023-08-21,126.15500,126.54000,123.49000,124.00000,124.00000,-0.85%,4875979
2023-08-22,124.25000,127.24000,124.00100,127.08000,127.08000,2.48%,4946032
2023-08-23,126.90000,129.18500,126.40000,128.13000,128.13000,0.83%,4605440
2023-08-24,128.23000,128.84000,124.64000,124.72000,124.72000,-2.66%,2980820
2023-08-25,125.04000,126.60000,124.19000,125.79000,125.79000,0.86%,2415159
2023-08-28,127.00000,127.00000,124.95000,126.15500,126.15500,0.29%,2348537
2023-08-29,126.55000,132.88000,126.00000,132.25000,132.25000,4.83%,5622866
2023-08-30,130.47000,132.45000,129.31000,130.61000,130.61000,-1.24%,4709893
2023-08-31,130.60000,132.44000,129.81000,131.55000,131.55000,0.72%,3860311
2023-09-01,133.70000,134.50000,131.33000,132.69000,132.69000,0.87%,4517786
2023-09-05,141.15000,144.26000,139.80000,142.29000,142.29000,7.23%,21052754
2023-09-06,140.78000,143.22000,140.26600,141.77000,141.77000,-0.37%,7114436
2023-09-07,139.25000,144.25000,139.01000,143.27000,143.27000,1.06%,7928238
2023-09-08,143.94000,146.85000,143.18000,145.82000,145.82000,1.78%,9329068
2023-09-11,146.22000,148.25000,144.86000,147.33000,147.33000,1.04%,7178964
2023-09-12,146.88000,151.15500,146.82000,147.50000,147.50000,0.12%,7342691
2023-09-13,146.00000,147.00000,143.60500,144.71500,144.71500,-1.89%,7893268
2023-09-14,144.61000,145.72000,141.69000,144.12000,144.12000,-0.41%,8365548
2023-09-15,143.58500,144.95000,142.10000,142.75000,142.75000,-0.95%,74788474
2023-09-18,141.93000,144.40000,141.19000,142.55000,142.55000,-0.14%,7351442
2023-09-19,141.86000,142.57000,139.77000,141.85000,141.85000,-0.49%,6675517
2023-09-20,142.76000,143.27000,137.95000,138.01000,138.01000,-2.71%,5192076
2023-09-21,135.55500,135.98000,132.39000,132.75000,132.75000,-3.81%,8515389
2023-09-22,133.71000,134.18400,131.12000,132.20000,132.20000,-0.41%,4279181
2023-09-25,130.80000,134.25000,130.80000,134.14000,134.14000,1.47%,4154503
2023-09-26,132.78000,133.94000,131.17000,132.28000,132.28000,-1.39%,4194040
2023-09-27,133.80000,134.90000,131.22000,134.03000,134.03000,1.32%,3771335
2023-09-28,133.65000,138.23000,132.88000,136.47000,136.47000,1.82%,4058877
2023-09-29,138.05000,141.07500,136.36000,137.21000,137.21000,0.54%,4782071
2023-10-02,136.55000,138.00000,135.36000,136.56000,136.56000,-0.47%,3489091
2023-10-03,132.17000,133.41000,126.49000,127.73000,127.73000,-6.47%,9019737
2023-10-04,128.75000,130.22000,127.29500,127.41000,127.41000,-0.25%,5822033
2023-10-05,126.54000,126.62000,121.67000,124.99000,124.99000,-1.90%,7630208
2023-10-06,123.00000,127.40000,122.02000,126.36000,126.36000,1.10%,5153662
2023-10-09,124.00000,127.92000,121.81000,127.77000,127.77000,1.12%,5092037
2023-10-10,127.69000,132.78000,126.95000,131.59000,131.59000,2.99%,5114703
2023-10-11,132.12000,132.69000,128.52000,130.00000,130.00000,-1.21%,3456474
2023-10-12,130.29000,130.41000,124.82000,125.97000,125.97000,-3.10%,4023286
2023-10-13,127.61000,129.84000,123.55000,124.08000,124.08000,-1.50%,4929464
2023-10-16,125.19000,126.76000,124.18600,125.19000,125.19000,0.89%,2706050
2023-10-17,123.76000,126.78000,122.66000,125.71000,125.71000,0.42%,3073583
2023-10-18,123.02000,124.35000,121.72000,122.17000,122.17000,-2.82%,4098435
2023-10-19,122.39000,123.48000,119.33000,119.97000,119.97000,-1.80%,4374408
2023-10-20,119.49000,119.92000,116.08000,116.49000,116.49000,-2.90%,6195537
2023-10-23,116.48000,122.52500,115.55000,120.39000,120.39000,3.35%,5442484
2023-10-24,121.18000,123.17000,120.57000,122.01000,122.01000,1.35%,3651605
2023-10-25,120.75000,120.75000,118.32000,118.50000,118.50000,-2.88%,4844458
2023-10-26,118.14000,119.54800,114.40000,115.47000,115.47000,-2.56%,5217503
2023-10-27,116.21000,116.74500,113.23500,114.09000,114.09000,-1.20%,5201552
2023-10-30,117.15000,118.59000,115.35000,116.95000,116.95000,2.51%,5218039
2023-10-31,117.13000,118.69000,114.91000,118.29000,118.29000,1.15%,4647399
2023-11-01,118.25000,119.89000,116.66000,119.47000,119.47000,1.00%,9336533
2023-11-02,122.51000,122.74000,114.10000,115.50000,115.50000,-3.32%,14053455
2023-11-03,117.98000,123.45000,117.38000,122.64000,122.64000,6.18%,9020387
2023-11-06,123.21500,123.93000,116.85000,118.17000,118.17000,-3.64%,7701997
2023-11-07,118.25000,122.18000,118.10000,121.08000,121.08000,2.46%,5163900
2023-11-08,119.43000,121.20000,116.17900,117.66000,117.66000,-2.82%,7813986
2023-11-09,118.35000,119.53000,115.20000,115.52000,115.52000,-1.82%,5519622
2023-11-10,114.52500,118.54000,114.17000,118.15000,118.15000,2.28%,4775350
2023-11-13,117.51000,119.86000,117.40100,119.15000,119.15000,0.85%,3408800
2023-11-14,122.35500,127.12000,121.51000,126.68000,126.68000,6.32%,8405215
2023-11-15,128.00000,131.62000,127.06100,128.35000,128.35000,1.32%,6851426
2023-11-16,127.12000,128.40000,125.31000,126.28000,126.28000,-1.61%,4177338
2023-11-17,126.65000,127.97000,125.45000,127.15000,127.15000,0.69%,3796137
2023-11-20,127.40000,130.95000,127.01000,129.70000,129.70000,2.01%,4645935
2023-11-21,128.00000,128.05000,124.93000,126.82000,126.82000,-2.22%,4587125
2023-11-22,127.75000,130.58000,127.71000,129.04000,129.04000,1.75%,3974609
2023-11-24,129.05000,129.59000,127.78000,128.37000,128.37000,-0.52%,2058920
2023-11-27,127.50000,129.56000,125.85000,129.00000,129.00000,0.49%,4408422
2023-11-28,128.79000,129.54000,125.85000,127.56000,127.56000,-1.12%,4024433
2023-11-29,127.00000,129.58300,126.06000,126.48000,126.48000,-0.85%,4615425
2023-11-30,127.00000,128.13000,125.08500,126.34000,126.34000,-0.11%,5956297
2023-12-01,125.50000,135.42000,125.40000,135.02000,135.02000,6.87%,7424812
2023-12-04,134.00000,136.75000,132.72000,133.70000,133.70000,-0.98%,5263394
2023-12-05,132.68000,135.70500,132.66000,133.71000,133.71000,0.01%,4202219
2023-12-06,135.59000,138.48000,135.14000,135.31000,135.31000,1.20%,4810915
2023-12-07,135.51000,141.16000,135.43000,139.84000,139.84000,3.35%,7108552
2023-12-08,138.19000,141.54000,137.80000,140.68000,140.68000,0.60%,4411181
2023-12-11,141.36000,144.50000,140.85000,142.91000,142.91000,1.59%,4560543
2023-12-12,137.90000,141.06000,137.58000,140.55000,140.55000,-1.65%,6823194
2023-12-13,142.95000,144.94000,140.34000,144.51000,144.51000,2.82%,6673909
2023-12-14,145.00000,149.92000,144.98000,147.26000,147.26000,1.90%,9568622
2023-12-15,147.26000,148.73000,145.86000,146.60000,146.60000,-0.45%,8239015
2023-12-18,147.16000,148.46000,146.12000,147.50000,147.50000,0.61%,4175159
2023-12-19,147.50000,148.61000,146.68000,146.91000,146.91000,-0.40%,5054417
2023-12-20,146.50000,146.50000,140.65000,141.07000,141.07000,-3.98%,5718006
2023-12-21,142.37000,143.49000,140.31000,142.09000,142.09000,0.72%,3318535
2023-12-22,141.88000,142.51000,139.73000,140.80000,140.80000,-0.91%,2937363
2023-12-26,141.00000,141.00000,137.77000,138.72000,138.72000,-1.48%,4384804
2023-12-27,139.13500,139.13500,136.05000,136.55000,136.55000,-1.56%,3979570
2023-12-28,136.55000,137.19000,135.69500,137.00000,137.00000,0.33%,2770816
2023-12-29,136.71000,137.87000,135.43000,136.14000,136.14000,-0.63%,3076112
2024-01-02,134.43000,135.60000,133.34000,134.48000,134.48000,-1.22%,3485247
2024-01-03,132.71000,134.54000,130.82000,133.42000,133.42000,-0.79%,4266614
2024-01-04,132.86000,137.03400,132.50000,133.72000,133.72000,0.22%,4056898
2024-01-05,134.25000,136.65000,133.89500,135.98000,135.98000,1.69%,3977632
2024-01-08,137.31000,140.25000,136.61000,140.08000,140.08000,3.02%,4179708
2024-01-09,138.52000,139.54000,137.79000,139.53000,139.53000,-0.39%,3560892
2024-01-10,139.20000,140.82500,138.70000,139.76000,139.76000,0.16%,2492691
2024-01-11,140.71000,141.20000,137.55000,139.45000,139.45000,-0.22%,2383518
2024-01-12,139.35000,140.99000,137.13000,137.14000,137.14000,-1.66%,2481982
2024-01-16,135.90000,136.00000,133.67000,135.02000,135.02000,-1.55%,5514773
2024-01-17,132.84000,135.09000,131.10000,134.98000,134.98000,-0.03%,3039656
2024-01-18,137.00000,139.53500,135.22500,137.04000,137.04000,1.53%,5273027
2024-01-19,138.60000,140.28500,136.32000,139.93000,139.93000,2.11%,4089098
2024-01-22,141.15500,144.05000,140.90000,142.01000,142.01000,1.49%,4482914
2024-01-23,142.75000,143.93000,140.52000,142.30000,142.30000,0.20%,3882149
2024-01-24,143.81000,144.10000,139.58000,141.19000,141.19000,-0.78%,4417904
2024-01-25,143.20000,143.29000,140.36800,142.11000,142.11000,0.65%,3677549
2024-01-26,142.11000,151.53000,141.49000,149.62000,149.62000,5.28%,11342568
2024-01-29,150.00000,153.38000,148.54000,152.70000,152.70000,2.06%,5316315
2024-01-30,150.54000,151.03000,148.68000,149.44000,149.44000,-2.13%,3884021
2024-01-31,148.64500,148.74000,143.92000,144.14000,144.14000,-3.55%,4126572
2024-02-01,144.80000,146.85000,143.65000,146.49000,146.49000,1.63%,3416682
2024-02-02,143.99000,148.08000,141.24000,146.55000,146.55000,0.04%,4252797
2024-02-05,146.09000,146.40000,142.68000,144.78000,144.78000,-1.21%,3010888
2024-02-06,145.10000,145.13000,142.95200,144.53000,144.53000,-0.17%,3697593
2024-02-07,145.12000,148.77000,143.86000,147.55000,147.55000,2.09%,4214118
2024-02-08,149.25000,150.67000,148.06000,150.54000,150.54000,2.03%,3508283
2024-02-09,145.84000,148.68000,145.18000,147.59500,147.59500,-1.96%,5006763
2024-02-12,148.68000,157.34500,148.34000,153.80000,153.80000,4.20%,7909487
2024-02-13,149.21000,153.02000,148.58000,150.82000,150.82000,-1.94%,11801679
2024-02-14,146.16000,149.53000,142.57000,148.20000,148.20000,-1.74%,16021806
2024-02-15,148.91000,158.27000,148.75000,157.69000,157.69000,6.40%,11922986
2024-02-16,156.10000,156.10000,151.78000,152.51000,152.51000,-3.28%,6520114
2024-02-20,150.31000,150.68000,145.88000,148.15000,148.15000,-2.86%,5229688
2024-02-21,145.98000,149.26000,145.39600,149.24000,149.24000,0.74%,4570787
2024-02-22,151.02000,155.70000,150.26500,155.26000,155.26000,4.03%,6115025
2024-02-23,153.27000,155.30000,150.82500,152.66000,152.66000,-1.67%,4851068
2024-02-26,149.96000,150.18000,148.56000,149.27000,149.27000,-2.22%,5277943
2024-02-27,150.00000,152.47000,149.23000,152.06000,152.06000,1.87%,4623715
2024-02-28,152.03000,154.90000,151.79000,153.43000,153.43000,0.90%,4329074
2024-02-29,153.40000,160.00000,153.22000,157.47000,157.47000,2.63%,8002291
2024-03-01,157.23000,160.98000,156.81100,159.72000,159.72000,1.43%,5367283
2024-03-04,159.90000,163.01500,157.93000,158.09000,158.09000,-1.02%,4403219
2024-03-05,157.20000,159.98000,156.14000,159.33000,159.33000,0.78%,4714293
2024-03-06,160.10000,164.59000,160.07000,163.87000,163.87000,2.85%,5167916
2024-03-07,165.00000,165.38500,162.24000,163.54000,163.54000,-0.20%,3810295
2024-03-08,166.00000,168.19000,163.48000,164.91000,164.91000,0.84%,4105743
2024-03-11,163.76000,164.26000,161.97500,162.99000,162.99000,-1.16%,3144453
2024-03-12,163.00000,167.00000,162.73000,166.67000,166.67000,2.26%,3940295
2024-03-13,162.42000,168.00000,160.69000,164.76000,164.76000,-1.15%,7392029
2024-03-14,165.74000,166.72000,162.72000,166.44000,166.44000,1.02%,4879709
2024-03-15,166.39000,166.52300,160.16000,160.64000,160.64000,-3.48%,7153845
2024-03-18,161.94500,162.87000,160.60000,161.86000,161.86000,0.76%,4296942
2024-03-19,161.49000,164.10000,161.05500,161.79000,161.79000,-0.04%,3420732
2024-03-20,162.39000,165.75000,162.26500,164.71000,164.71000,1.80%,4766298
2024-03-21,165.81000,170.10000,165.00000,168.18000,168.18000,2.11%,5986505
2024-03-22,167.00000,168.80000,166.64000,167.86000,167.86000,-0.19%,2837023
2024-03-25,167.86000,169.08000,166.28000,167.99000,167.99000,0.08%,3216070
2024-03-26,169.69000,170.00000,167.32000,167.39000,167.39000,-0.36%,2747663
2024-03-27,169.11000,169.11000,165.50000,166.41000,166.41000,-0.59%,3921949
2024-03-28,166.57000,167.38000,164.59000,164.96000,164.96000,-0.87%,3415958
2024-04-01,166.43000,166.72000,162.75000,163.37000,163.37000,-0.96%,2494146
2024-04-02,160.95000,160.98000,158.68000,160.11000,160.11000,-2.00%,3998743
2024-04-03,158.75000,161.33000,158.58000,159.34000,159.34000,-0.48%,2273294
2024-04-04,161.22000,163.65000,158.52000,158.84000,158.84000,-0.31%,3535186
2024-04-05,159.15000,162.71000,158.90000,161.77000,161.77000,1.84%,2225269
2024-04-08,160.36000,161.18000,159.29000,160.27000,160.27000,-0.93%,2296380
2024-04-09,161.55000,163.20500,159.91000,162.66000,162.66000,1.49%,2283271
2024-04-10,159.63000,160.96000,158.63000,160.28000,160.28000,-1.46%,2478757
2024-04-11,159.00000,166.22000,158.90000,165.42000,165.42000,3.21%,3580302
2024-04-12,162.42000,162.71200,158.78000,159.37000,159.37000,-3.66%,3700504
2024-04-15,161.81000,162.90000,154.41000,155.60000,155.60000,-2.37%,3723317
2024-04-16,155.83000,158.94000,155.30000,156.66000,156.66000,0.68%,2728607
2024-04-17,158.45000,159.70000,156.41000,158.37000,158.37000,1.09%,3905042
2024-04-18,159.60000,162.94000,159.21000,160.10000,160.10000,1.09%,3930357
2024-04-19,159.54000,160.33500,154.56000,155.01000,155.01000,-3.18%,3904759
2024-04-22,156.19000,157.25000,153.76500,156.61000,156.61000,1.03%,3029952
2024-04-23,157.24000,161.14000,156.70000,160.95000,160.95000,2.77%,3455413
2024-04-24,164.47500,166.74500,161.09000,162.84000,162.84000,1.17%,3854493
2024-04-25,161.51000,163.73000,159.50000,163.01000,163.01000,0.10%,2401828
2024-04-26,163.68000,165.16000,162.77000,164.23000,164.23000,0.75%,2821077
2024-04-29,164.75000,165.50000,161.28000,162.25000,162.25000,-1.21%,2312554
2024-04-30,160.56000,162.09000,158.52000,158.57000,158.57000,-2.27%,3017911
2024-05-01,157.58000,160.95000,156.00000,156.16000,156.16000,-1.52%,2752108
2024-05-02,157.21000,158.40000,153.20000,158.33000,158.33000,1.39%,4778430
2024-05-03,161.81000,165.50000,159.15000,159.71000,159.71000,0.87%,4529908
2024-05-06,161.00000,162.41000,160.17000,162.00000,162.00000,1.43%,2912176
2024-05-07,161.81000,162.88000,159.75000,159.81000,159.81000,-1.35%,2916232
2024-05-08,157.10000,158.62000,155.84000,157.90000,157.90000,-1.20%,8236465
2024-05-09,146.60000,150.00500,145.57000,147.05000,147.05000,-6.87%,14802560
2024-05-10,147.75000,148.12000,144.63000,146.32000,146.32000,-0.50%,5524840
2024-05-13,147.05000,149.24000,145.70000,149.13000,149.13000,1.92%,5647508
2024-05-14,149.40000,149.40000,146.31000,146.70000,146.70000,-1.63%,4167440
2024-05-15,147.57000,147.69000,144.75000,145.80000,145.80000,-0.61%,5996014
2024-05-16,146.34000,147.79000,145.85000,147.19000,147.19000,0.95%,3827765
2024-05-17,146.81000,147.49500,145.30500,145.66000,145.66000,-1.04%,3279035
2024-05-20,146.18000,146.48000,145.21000,146.37000,146.37000,0.49%,3747439
2024-05-21,145.71000,145.71000,144.09000,144.10000,144.10000,-1.55%,4484983
2024-05-22,143.94000,144.21000,142.36000,142.71000,142.71000,-0.96%,3190821
2024-05-23,142.58000,143.44000,140.82000,141.04000,141.04000,-1.17%,3900851
2024-05-24,142.50000,145.97000,142.30000,144.47000,144.47000,2.43%,4497760
2024-05-28,146.00000,147.87000,145.11000,147.01000,147.01000,1.76%,5741611
2024-05-29,144.88000,147.13000,144.73400,146.61000,146.61000,-0.27%,2570900
2024-05-30,145.40000,147.59000,144.41000,145.52000,145.52000,-0.74%,3576681
2024-05-31,145.78000,146.43000,142.57000,144.93000,144.93000,-0.41%,3778585
2024-06-03,145.74000,146.96000,144.36000,146.25000,146.25000,0.91%,3843406
2024-06-04,145.82000,147.92000,145.44000,147.08000,147.08000,0.57%,3048535
2024-06-05,147.98000,148.70000,145.14100,145.78000,145.78000,-0.88%,3121512
2024-06-06,145.51000,148.79000,145.15500,147.00000,147.00000,0.84%,3463102
2024-06-07,146.20000,147.03000,145.38000,146.66000,146.66000,-0.23%,2595555
2024-06-10,146.01000,148.32000,146.00000,148.07000,148.07000,0.96%,3080317
2024-06-11,147.97000,148.79500,146.48000,147.75000,147.75000,-0.22%,3285755
2024-06-12,149.99000,150.29000,148.62100,149.32000,149.32000,1.06%,3579847
2024-06-13,148.99000,149.00000,143.73000,146.10000,146.10000,-2.16%,4450397
2024-06-14,145.50000,146.05000,144.28000,145.97000,145.97000,-0.09%,2754612
2024-06-17,147.00000,150.12000,146.77500,149.50000,149.50000,2.42%,5158771
2024-06-18,149.90000,150.54900,146.90000,147.29000,147.29000,-1.48%,3316730
2024-06-20,147.77000,149.75000,147.60000,147.88000,147.88000,0.40%,2874248
2024-06-21,148.76000,150.00000,147.25000,149.57000,149.57000,1.14%,7648402
2024-06-24,149.15000,150.04000,146.71000,148.39000,148.39000,-0.79%,4530892
2024-06-25,148.97000,151.27500,148.85000,150.91000,150.91000,1.70%,5008296
2024-06-26,149.73000,150.38500,149.37000,150.00000,150.00000,-0.60%,3797877
2024-06-27,150.46000,151.88000,149.39000,151.61000,151.61000,1.07%,3588639
2024-06-28,151.54000,152.93000,150.68000,151.63000,151.63000,0.01%,3842498
2024-07-01,152.20000,152.20000,149.14000,151.63000,151.63000,,2904962
2024-07-02,151.29000,155.21000,151.29000,154.34000,154.34000,1.79%,3526073
2024-07-03,153.91000,154.43000,152.30000,152.73000,152.73000,-1.04%,1725631
2024-07-05,152.40000,152.88000,151.44000,152.50000,152.50000,-0.15%,3836132
2024-07-08,152.65000,154.20000,150.75500,151.96000,151.96000,-0.35%,3228334
2024-07-09,152.92000,155.66000,151.96500,152.45000,152.45000,0.32%,4329182
2024-07-10,153.11000,153.20000,150.09000,151.84000,151.84000,-0.40%,3263527
2024-07-11,150.55000,152.00000,144.13000,146.00000,146.00000,-3.85%,6289510
2024-07-12,146.83000,148.00000,146.19000,146.78000,146.78000,0.53%,2923457
2024-07-15,145.88000,148.47000,144.75000,147.22000,147.22000,0.30%,3546065
2024-07-16,148.47000,151.64000,147.88000,151.26000,151.26000,2.74%,4079268
2024-07-17,149.24000,150.10000,147.26000,148.00000,148.00000,-2.16%,3242315
2024-07-18,148.17000,150.14500,146.75000,146.88000,146.88000,-0.76%,3593705
2024-07-19,147.03000,149.16000,147.03000,147.99000,147.99000,0.76%,3131618
2024-07-22,148.14000,150.37000,146.55000,150.18000,150.18000,1.48%,3672064
2024-07-23,150.56000,151.25000,147.83000,148.75000,148.75000,-0.95%,2676905
2024-07-24,146.73000,147.11000,142.98000,144.23000,144.23000,-3.04%,5461901
2024-07-25,141.25000,141.94500,137.58000,140.03000,140.03000,-2.91%,5626549
2024-07-26,141.90000,141.91000,139.03000,140.10000,140.10000,0.05%,5101418
2024-07-29,141.24000,142.43000,140.00000,140.29000,140.29000,0.14%,2723157
2024-07-30,140.65000,140.99000,137.90000,138.99000,138.99000,-0.93%,2996153
2024-07-31,140.79000,141.22000,139.10000,139.56000,139.56000,0.41%,3331392
2024-08-01,139.70000,139.78000,132.90000,135.09000,135.09000,-3.20%,5166851
2024-08-02,129.31000,129.60000,126.50000,128.23000,128.23000,-5.08%,7745494
2024-08-05,123.77000,125.95000,122.06000,125.31000,125.31000,-2.28%,7521889
2024-08-06,126.90500,131.45000,126.30000,130.47000,130.47000,4.12%,11148435
2024-08-07,112.44000,115.55000,110.38000,113.01000,113.01000,-13.38%,29027861
2024-08-08,113.98000,116.43000,112.42000,114.64000,114.64000,1.44%,8006214
2024-08-09,114.46500,116.26000,112.60000,115.08000,115.08000,0.38%,4764351
2024-08-12,115.48000,115.50000,113.27000,113.62000,113.62000,-1.27%,3980998
2024-08-13,114.39000,117.77000,114.05000,116.90000,116.90000,2.89%,4662047
2024-08-14,117.72000,118.74000,116.18000,116.24000,116.24000,-0.56%,3504796
2024-08-15,118.19500,119.13300,116.37000,118.88000,118.88000,2.27%,5266295
2024-08-16,117.90000,118.80000,116.22000,116.31000,116.31000,-2.16%,4592024
2024-08-19,116.93000,119.30000,116.44000,119.14000,119.14000,2.43%,4184729
2024-08-20,118.94000,119.28000,117.17500,117.38000,117.38000,-1.48%,3940048
2024-08-21,118.04000,118.27000,116.70000,117.68000,117.68000,0.26%,5028525
2024-08-22,117.68000,118.39500,115.30000,115.45000,115.45000,-1.89%,4875497
2024-08-23,116.64000,118.70000,116.37000,116.85000,116.85000,1.21%,4998414
2024-08-26,116.85000,117.39000,115.35000,115.71000,115.71000,-0.98%,4948158
2024-08-27,115.30000,117.42000,115.17000,116.74000,116.74000,0.89%,3457429
2024-08-28,116.00000,117.73000,115.76000,117.53000,117.53000,0.68%,3463705
2024-08-29,118.17000,119.38000,116.42000,116.60000,116.60000,-0.79%,3330982
2024-08-30,116.94000,118.05000,116.29000,117.31000,117.31000,0.61%,3279531
2024-09-03,116.39500,117.83500,114.13000,114.98000,114.98000,-1.99%,4678840
2024-09-04,114.27000,115.99000,114.19000,115.21000,115.21000,0.20%,3273890
2024-09-05,114.64000,116.45000,114.60000,116.16000,116.16000,0.82%,3593436
2024-09-06,116.37000,117.26000,113.24000,114.28000,114.28000,-1.62%,4072379
2024-09-09,115.11000,117.92000,114.98500,116.36000,116.36000,1.82%,4178558
2024-09-10,117.01000,117.40600,112.86000,115.12000,115.12000,-1.07%,4080373
2024-09-11,115.09000,116.17000,112.55000,115.96000,115.96000,0.73%,3644976
2024-09-12,116.33000,117.38000,115.05000,117.36000,117.36000,1.21%,3076184
2024-09-13,117.75000,119.21000,117.15000,117.75000,117.75000,0.33%,3514203
2024-09-16,117.99000,118.30000,116.16000,117.55000,117.55000,-0.17%,3229853
2024-09-17,119.87000,124.74000,119.48500,122.12000,122.12000,3.89%,6323569
2024-09-18,122.32000,125.66000,122.00000,122.42000,122.42000,0.25%,3861293
2024-09-19,127.93000,131.35000,127.44000,128.75000,128.75000,5.17%,7691622
2024-09-20,129.83000,131.95000,129.03000,131.18000,131.18000,1.89%,12476321
2024-09-23,131.50000,131.64000,128.90000,129.03000,129.03000,-1.64%,3682591
2024-09-24,130.58000,131.67000,129.59000,131.48000,131.48000,1.90%,4189105
2024-09-25,131.31000,131.90000,130.30000,130.71000,130.71000,-0.59%,2310696
2024-09-26,132.70600,133.34000,129.14600,129.25000,129.25000,-1.12%,3825948
2024-09-27,130.16000,130.31000,128.17000,128.25000,128.25000,-0.77%,2525697
2024-09-30,127.32000,128.23000,125.92000,126.81000,126.81000,-1.12%,3810992
2024-10-01,127.35000,128.20000,123.71000,125.47000,125.47000,-1.06%,3895531
2024-10-02,125.33000,126.44000,124.55000,126.18000,126.18000,0.57%,2707663
2024-10-03,124.60000,125.55500,123.58000,125.29000,125.29000,-0.71%,2246999
2024-10-04,128.42000,129.93000,127.27000,129.85000,129.85000,3.64%,2988440
2024-10-07,129.08500,131.31000,128.77000,130.23000,130.23000,0.29%,2847769
2024-10-08,130.15000,134.43000,130.15000,132.50000,132.50000,1.74%,3304421
2024-10-09,133.40000,135.76000,132.84000,135.49000,135.49000,2.26%,3731800
2024-10-10,135.55000,136.37000,132.52000,132.81000,132.81000,-1.98%,3060026
2024-10-11,132.30000,135.35500,132.30000,134.40000,134.40000,1.20%,2714747
2024-10-14,133.97000,134.98000,133.42000,134.79000,134.79000,0.29%,2313963
2024-10-15,133.51000,134.00000,132.30000,133.27000,133.27000,-1.13%,3502678
2024-10-16,134.73000,137.39500,134.32000,135.15000,135.15000,1.41%,3691540
2024-10-17,135.70000,136.65000,135.11000,136.02000,136.02000,0.64%,3813990
2024-10-18,136.81000,136.89000,135.16000,136.45000,136.45000,0.32%,2391131
2024-10-21,135.66000,137.99000,135.13000,137.19000,137.19000,0.54%,2900530
2024-10-22,136.11000,136.35000,135.33200,135.59000,135.59000,-1.17%,2408385
2024-10-23,135.00000,136.20000,131.27000,131.92000,131.92000,-2.71%,3444561
2024-10-24,133.55000,133.75000,131.66000,132.75000,132.75000,0.63%,2678040
2024-10-25,133.38000,135.28000,133.17000,134.58000,134.58000,1.38%,2552060
2024-10-28,136.30000,137.30000,135.40000,135.78000,135.78000,0.89%,3260682
2024-10-29,135.33000,138.35000,135.24400,137.78000,137.78000,1.47%,2871886
2024-10-30,136.47000,138.66000,136.31000,136.50000,136.50000,-0.93%,3010462
2024-10-31,137.70000,138.06000,134.26000,134.79000,134.79000,-1.25%,5049074
2024-11-01,133.96000,136.88000,133.80500,136.46000,136.46000,1.24%,3707590
2024-11-04,136.23000,137.55000,135.45000,136.87000,136.87000,0.30%,2459746
2024-11-05,137.55000,140.87000,137.07000,137.82000,137.82000,0.69%,4989187
2024-11-06,141.98000,142.95000,139.41000,140.91000,140.91000,2.24%,5110922
2024-11-07,141.76000,148.64000,141.70000,147.37000,147.37000,4.58%,11988903
2024-11-08,134.67000,137.71000,132.76000,134.61000,134.61000,-8.66%,19189003
2024-11-11,136.00000,139.16000,135.12000,137.40000,137.40000,2.07%,6535059
2024-11-12,135.65000,136.12000,133.13000,133.20000,133.20000,-3.06%,6903453
2024-11-13,133.83000,135.13000,131.33100,132.76000,132.76000,-0.33%,4922621
2024-11-14,133.97000,136.66000,133.15000,134.56000,134.56000,1.36%,4777628
2024-11-15,134.20000,134.53000,131.31000,132.50000,132.50000,-1.53%,4798719