Date,Value
2018-07-03,-79151.94946476191
2018-07-05,-79189.64086926893
2018-07-06,-79227.35022206382
2018-07-09,-79265.07753169337
2018-07-10,-79302.82280670846
2018-07-11,-79340.58605566405
2018-07-12,-79378.36728711912
2018-07-13,-79416.1665096368
2018-07-16,-79453.98373178425
2018-07-17,-79491.8189621327
2018-07-18,-79529.67220925754
2018-07-19,-79567.54348173813
2018-07-20,-79605.43278815801
2018-07-23,-79643.34013710477
2018-07-24,-79681.26553717004
2018-07-25,-79719.20899694964
2018-07-26,-79757.17052504343
2018-07-27,-79795.15013005535
2018-07-30,-79833.14782059347
2018-07-31,-79871.16360526996
2018-08-01,-79909.19749270105
2018-08-02,-79947.24949150706
2018-08-03,-79985.31961031257
2018-08-06,-80023.40785774605
2018-08-07,-80061.5142424402
2018-08-08,-80099.63877303184
2018-08-09,-80137.78145816189
2018-08-10,-80175.94230647526
2018-08-13,-80214.12132662121
2018-08-14,-80252.31852725291
2018-08-15,-80290.5339170278
2018-08-16,-80328.76750460736
2018-08-17,-80367.01929865716
2018-08-20,-80405.289307847
2018-08-21,-80443.57754085075
2018-08-22,-80481.88400634637
2018-08-23,-80520.20871301608
2018-08-24,-80558.55166954608
2018-08-27,-80596.91288462681
2018-08-28,-80635.29236695284
2018-08-29,-80673.6901252228
2018-08-30,-80712.10616813957
2018-08-31,-80750.5405044101
2018-09-04,-80788.99314274556
2018-09-05,-80827.46409186114
2018-09-06,-80865.95336047633
2018-09-07,-80904.46095731464
2018-09-10,-80942.98689110382
2018-09-11,-80981.5311705758
2018-09-12,-81020.09380446654
2018-09-13,-81058.67480151627
2018-09-14,-81097.27417046939
2018-09-17,-81135.89192007437
2018-09-18,-81174.52805908394
2018-09-19,-81213.1825962549
2018-09-20,-81251.85554034838
2018-09-21,-81290.5469001295
2018-09-24,-81329.25668436765
2018-09-25,-81367.9849018364
2018-09-26,-81406.73156131346
2018-09-27,-81445.49667158075
2018-09-28,-81484.28024142436
2018-10-01,-81523.08227963459
2018-10-02,-81561.90279500581
2018-10-03,-81600.74179633678
2018-10-04,-81639.59929243027
2018-10-05,-81678.47529209332
2018-10-08,-81717.3698041372
2018-10-09,-81756.28283737728
2018-10-10,-81795.21440063317
2018-10-11,-81834.16450272869
2018-10-12,-81873.13315249188
2018-10-15,-81912.12035875498
2018-10-16,-81951.1261303544
2018-10-17,-81990.15047613074
2018-10-18,-82029.1934049289
2018-10-19,-82068.25492559792
2018-10-22,-82107.33504699105
2018-10-23,-82146.43377796582
2018-10-24,-82185.5511273839
2018-10-25,-82224.68710411122
2018-10-26,-82263.84171701795
2018-10-29,-82303.01497497843
2018-10-30,-82342.2068868713
2018-10-31,-82381.41746157932
2018-11-01,-82420.64670798958
2018-11-02,-82459.89463499338
2018-11-05,-82499.16125148626
2018-11-06,-82538.44656636791
2018-11-07,-82577.75058854236
2018-11-08,-82617.07332691786
2018-11-09,-82656.41479040687
2018-11-12,-82695.77498792612
2018-11-13,-82735.15392839657
2018-11-14,-82774.55162074341
2018-11-15,-82813.96807389615
2018-11-16,-82853.40329678847
2018-11-19,-82892.85729835837
2018-11-20,-82932.33008754808
2018-11-21,-82971.82167330405
2018-11-23,-83011.33206457707
2018-11-26,-83050.8612703221
2018-11-27,-83090.40929949844
2018-11-28,-83129.97616106962
2018-11-29,-83169.56186400345
2018-11-30,-83209.16641727203
2018-12-03,-83248.7898298517
2018-12-04,-83288.43211072306
2018-12-06,-78062.5732555397
2018-12-07,-83365.26592280222
2018-12-10,-83404.96366847974
2018-12-11,-83444.68031784568
2018-12-12,-83484.41587990179
2018-12-13,-83524.17036365412
2018-12-14,-83563.94377811304
2018-12-17,-78323.15385475908
2018-12-18,-83641.03287222394
2018-12-19,-83680.86193549639
2018-12-20,-83720.7099649895
2018-12-21,-83760.57696973474
2018-12-24,-83800.46295876794
2018-12-26,-83840.36794112925
2018-12-27,-83880.29192586312
2018-12-28,-83920.23492201828
2018-12-31,-78659.4645977429
2019-01-02,-78696.9214856466
2019-01-03,-84035.12855106848
2019-01-04,-84075.14527894995
2019-01-07,-84115.1810624161
2019-01-08,-84155.23591054109
2019-01-09,-84195.30983240323
2019-01-10,-84235.40283708533
2019-01-11,-84275.51493367442
2019-01-14,-84315.64613126188
2019-01-15,-84355.79643894342
2019-01-16,-84395.96586581913
2019-01-17,-84436.15442099332
2019-01-18,-84476.36211357475
2019-01-22,-79185.4872559358
2019-01-23,-84554.29632756024
2019-01-24,-84594.56027819241
2019-01-25,-84634.8434021344
2019-01-28,-84675.14570851637
2019-01-29,-84715.4672064728
2019-01-30,-84755.80790514257
2019-01-31,-84796.16781366881
2019-02-01,-84836.54694119912
2019-02-04,-84876.94529688542
2019-02-05,-84917.36288988394
2019-02-06,-84957.79972935532
2019-02-07,-84998.25582446453
2019-02-08,-85038.73118438097
2019-02-11,-85079.22581827827
2019-02-12,-85119.7397353346
2019-02-13,-85160.27294473235
2019-02-14,-85200.82545565846
2019-02-15,-85241.39727730397
2019-02-19,-79905.00613756289
2019-02-20,-85320.03842178723
2019-02-21,-79981.12426245719
2019-02-22,-85398.75326116069
2019-02-25,-80057.31489806413
2019-02-26,-85477.54186504605
2019-02-27,-85518.24545641035
2019-02-28,-85558.9684304372
2019-03-01,-85599.71079635646
2019-03-04,-85640.47256340236
2019-03-05,-85681.2537408135
2019-03-06,-85722.05433783295
2019-03-07,-85762.8743637081
2019-03-08,-85803.71382769082
2019-03-11,-85844.57273903734
2019-03-12,-85885.45110700831
2019-03-13,-85926.34894086879
2019-03-14,-85967.26624988824
2019-03-15,-80592.68545780316
2019-03-18,-86046.58051260618
2019-03-19,-80669.4586713198
2019-03-20,-86125.96910269377
2019-03-21,-86166.98146893315
2019-03-22,-86208.01336487074
2019-03-25,-86249.0647998064
2019-03-26,-86290.13578304439
2019-03-27,-86331.22632389347
2019-03-28,-86372.33643166676
2019-03-29,-86413.46611568183
2019-04-01,-86454.61538526072
2019-04-02,-86495.78424972988
2019-04-03,-86536.97271842025
2019-04-04,-86578.18080066712
2019-04-05,-86619.4085058103
2019-04-08,-86660.65584319402
2019-04-09,-86701.92282216696
2019-04-10,-86743.20945208229
2019-04-11,-86784.51574229756
2019-04-12,-86825.84170217485
2019-04-15,-86867.18734108066
2019-04-16,-81441.22473528731
2019-04-17,-86947.33420397414
2019-04-18,-86988.73769645224
2019-04-22,-87030.16090487913
2019-04-23,-87071.60383864335
2019-04-24,-87113.06650713795
2019-04-25,-87154.54891976039
2019-04-26,-87196.05108591268
2019-04-29,-87237.57301500121
2019-04-30,-87279.11471643692
2019-05-01,-87320.6761996352
2019-05-02,-87362.25747401598
2019-05-03,-87403.85854900362
2019-05-06,-87445.47943402696
2019-05-07,-87487.12013851936
2019-05-08,-87528.78067191863
2019-05-09,-87570.46104366716
2019-05-10,-87612.16126321178
2019-05-13,-92627.64867333711
2019-05-14,-92671.7570774673
2019-05-15,-92715.88648559939
2019-05-16,-92760.0369077354
2019-05-17,-92804.20835388194
2019-05-20,-92848.40083405045
2019-05-21,-92892.61435825712
2019-05-22,-92936.84893652298
2019-05-23,-92981.10457887372
2019-05-24,-93025.38129533986
2019-05-28,-93069.67909595666
2019-05-29,-93113.99799076426
2019-05-30,-93158.33798980746
2019-05-31,-93202.69910313596
2019-06-03,-93247.08134080413
2019-06-04,-87740.22725828328
2019-06-05,-93333.26577347035
2019-06-06,-93377.71018574345
2019-06-07,-93422.17576202235
2019-06-10,-93466.66251238523
2019-06-11,-93511.17044691493
2019-06-12,-93555.69957569921
2019-06-13,-93600.24990883046
2019-06-14,-93644.8214564061
2019-06-17,-93689.41422852819
2019-06-18,-93734.0282353037
2019-06-19,-93778.6634868443
2019-06-20,-88242.91519107172
2019-06-21,-93865.3404290719
2019-06-24,-93910.03821022861
2019-06-25,-93954.75727604299
2019-06-26,-93999.49763665063
2019-06-27,-94044.25930219187
2019-06-28,-94089.042282812
2019-07-01,-94133.84658866093
2019-07-02,-94178.67222989365
2019-07-03,-94223.51921666978
2019-07-05,-94268.38755915393
2019-07-08,-94313.27726751541
2019-07-09,-94358.1883519285
2019-07-10,-94403.1208225723
2019-07-11,-94448.07468963068
2019-07-12,-94493.04996329239
2019-07-15,-94538.04665375111
2019-07-16,-94583.06477120526
2019-07-17,-94628.10432585824
2019-07-18,-94673.16532791813
2019-07-19,-94718.24778759813
2019-07-22,-94763.35171511602
2019-07-23,-94808.47712069465
2019-07-24,-94853.62401456163
2019-07-25,-94898.79240694952
2019-07-26,-94943.98230809571
2019-07-29,-94989.1937282424
2019-07-30,-95034.4266776368
2019-07-31,-95079.68116653094
2019-08-01,-95124.95720518164
2019-08-02,-95170.2548038508
2019-08-05,-95215.573972805
2019-08-06,-95260.91472231585
2019-08-07,-95306.27706265984
2019-08-08,-95351.66100411823
2019-08-09,-95397.06655697733
2019-08-12,-95442.49373152827
2019-08-13,-95487.9425380671
2019-08-14,-95533.41298689475
2019-08-15,-95578.90508831709
2019-08-16,-89939.43477084076
2019-08-19,-95667.2471549167
2019-08-20,-95712.80298689521
2019-08-21,-95758.38051212709
2019-08-22,-95803.97974094236
2019-08-23,-95849.60068367614
2019-08-26,-95895.24335066836
2019-08-27,-95940.90775226391
2019-08-28,-95986.59389881264
2019-08-29,-96032.3018006692
2019-08-30,-96078.03146819332
2019-09-03,-96123.78291174961
2019-09-04,-96169.5561417076
2019-09-05,-96215.35116844175
2019-09-06,-96261.16800233147
2019-09-09,-96307.00665376117
2019-09-10,-96352.86713312009
2019-09-11,-96398.74945080253
2019-09-12,-96444.65361720766
2019-09-13,-96490.57964273969
2019-09-16,-96536.52753780766
2019-09-17,-96582.49731282564
2019-09-18,-96628.48897821271
2019-09-19,-96674.50254439282
2019-09-20,-96720.5380217949
2019-09-23,-96766.59542085291
2019-09-24,-96812.67475200568
2019-09-25,-96858.77602569714
2019-09-26,-96904.899252376
2019-09-27,-96951.04444249622
2019-09-30,-96997.21160651644
2019-10-01,-97043.40075490049
2019-10-02,-97089.61189811713
2019-10-03,-97135.84504664002
2019-10-04,-97182.10021094795
2019-10-07,-97228.3774015246
2019-10-08,-97274.67662885865
2019-10-09,-97320.99790344384
2019-10-10,-97367.34123577882
2019-10-11,-97413.70663636725
2019-10-14,-97460.09411571792
2019-10-15,-97506.50368434445
2019-10-16,-97552.93535276558
2019-10-17,-97599.38913150497
2019-10-18,-97645.86503109141
2019-10-21,-97692.36306205862
2019-10-22,-97738.88323494529
2019-10-23,-100696.09093172385
2019-10-24,-100744.04145121515
2019-10-25,-100792.01480428713
2019-10-28,-100840.01100181299
2019-10-29,-100888.030054671
2019-10-30,-100936.07197374466
2019-10-31,-100984.13676992262
2019-11-01,-101032.22445409877
2019-11-04,-101080.33503717218
2019-11-05,-101128.46853004702
2019-11-06,-101176.62494363273
2019-11-07,-101224.80428884401
2019-11-08,-101273.0065766006
2019-11-11,-101321.23181782755
2019-11-12,-101369.48002345508
2019-11-13,-101417.75120441863
2019-11-14,-101466.04537165884
2019-11-15,-101514.36253612152
2019-11-18,-101562.70270875777
2019-11-19,-101611.06590052384
2019-11-20,-101659.45212238123
2019-11-21,-101707.86138529667
2019-11-22,-101756.29370024207
2019-11-25,-101804.74907819452
2019-11-26,-101853.22753013653
2019-11-27,-101901.72906705565
2019-11-29,-101950.25369994472
2019-12-02,-101998.80143980186
2019-12-03,-102047.37229763035
2019-12-04,-102095.96628443872
2019-12-05,-102144.58341124083
2019-12-06,-102193.2236890557
2019-12-09,-102241.88712890763
2019-12-10,-102290.57374182616
2019-12-11,-102339.28353884608
2019-12-12,-102388.01653100747
2019-12-13,-102436.77272935555
2019-12-16,-102485.55214494097
2019-12-17,-102534.3547888195
2019-12-18,-102583.18067205227
2019-12-19,-102632.02980570564
2019-12-20,-102680.9022008512
2019-12-23,-102729.7978685659
2019-12-24,-102778.71681993187
2019-12-26,-102827.65906603658
2019-12-27,-102876.62461797283
2019-12-30,-102925.61348683851
2019-12-31,-102974.62568373703
2020-01-02,-103023.66121977688
2020-01-03,-103072.72010607204
2020-01-06,-103121.8023537416
2020-01-07,-103170.90797391003
2020-01-08,-103220.0369777071
2020-01-09,-103269.18937626792
2020-01-10,-103318.36518073283
2020-01-13,-103367.56440224746
2020-01-14,-103416.78705196282
2020-01-15,-103466.0331410352
2020-01-16,-103515.30268062616
2020-01-17,-103564.59568190265
2020-01-21,-103613.9121560369
2020-01-22,-103663.25211420644
2020-01-23,-103712.61556759414
2020-01-24,-103762.00252738823
2020-01-27,-103811.41300478224
2020-01-28,-103860.84701097499
2020-01-29,-103910.3045571707
2020-01-30,-103959.78565457887
2020-01-31,-104009.29031441438
2020-02-03,-104058.81854789745
2020-02-04,-104108.37036625358
2020-02-05,-98147.31708239076
2020-02-06,-104204.68259837196
2020-02-07,-104254.30387579979
2020-02-10,-104303.94878240727
2020-02-11,-104353.61732944657
2020-02-12,-104403.30952817485
2020-02-13,-104453.02538985494
2020-02-14,-104502.76492575485
2020-02-18,-104552.52814714808
2020-02-19,-104602.31506531339
2020-02-20,-107071.81737724924
2020-02-21,-107122.80395695267
2020-02-24,-107173.81481597983
2020-02-25,-107224.84996589221
2020-02-26,-107275.90941825691
2020-02-27,-107326.99318464653
2020-02-28,-107378.10127663928
2020-03-02,-107429.2337058186
2020-03-03,-107480.39048377375
2020-03-04,-107531.57162209935
2020-03-05,-107582.77713239558
2020-03-06,-107634.00702626814
2020-03-09,-110229.03205818542
2020-03-10,-110281.52207345123
2020-03-11,-110334.03708396241
2020-03-12,-110386.57710162141
2020-03-13,-112816.67375738411
2020-03-16,-117621.09214250669
2020-03-17,-117677.10218638406
2020-03-18,-119494.47723504424
2020-03-19,-119551.37936706094
2020-03-20,-119608.30859533096
2020-03-23,-121972.61314704301
2020-03-24,-122030.6953437797
2020-03-25,-122088.8051987053
2020-03-26,-122146.9427249904
2020-03-27,-122205.10793581184
2020-03-30,-122263.30084435269
2020-03-31,-122321.5214638024
2020-04-01,-127196.20725735657
2020-04-02,-127256.77687986009
2020-04-03,-127317.37534504099
2020-04-06,-127378.00266663384
2020-04-07,-127438.65885837987
2020-04-08,-127499.34393402669
2020-04-09,-127560.05790732862
2020-04-13,-127620.80079204637
2020-04-14,-127681.57260194738
2020-04-15,-127742.37335080546
2020-04-16,-127803.20305240106
2020-04-17,-127864.06172052129
2020-04-20,-127924.94936895961
2020-04-21,-127985.86601151628
2020-04-22,-128046.81166199797
2020-04-23,-128107.78633421793
2020-04-24,-128168.79004199612
2020-04-27,-128229.822799159
2020-04-28,-128290.88461953955
2020-04-29,-128351.9755169774
2020-04-30,-128413.09550531884
2020-05-01,-128474.24459841661
2020-05-04,-128535.42281013014
2020-05-05,-128596.63015432547
2020-05-06,-128657.86664487512
2020-05-07,-128719.1322956584
2020-05-08,-128780.42712056107
2020-05-11,-128841.75113347563
2020-05-12,-128903.1043483011
2020-05-13,-128964.48677894316
2020-05-14,-129025.89843931409
2020-05-15,-129087.3393433328
2020-05-18,-129148.80950492485
2020-05-19,-129210.30893802244
2020-05-20,-129271.83765656436
2020-05-21,-129333.39567449609
2020-05-22,-129394.98300576964
2020-05-26,-129456.59966434381
2020-05-27,-129518.24566418398
2020-05-28,-129579.92101926217
2020-05-29,-129641.62574355707
2020-06-01,-129703.35985105399
2020-06-02,-129765.12335574497
2020-06-03,-129826.91627162862
2020-06-04,-129888.7386127104
2020-06-05,-129950.59039300214
2020-06-08,-130012.47162652262
2020-06-09,-130074.38232729713
2020-06-10,-130136.32250935775
2020-06-11,-130198.29218674314
2020-06-12,-130260.29137349875
2020-06-15,-130322.32008367662
2020-06-16,-130384.37833133554
2020-06-17,-130446.46613054091
2020-06-18,-130508.58349536498
2020-06-19,-130570.7304398866
2020-06-22,-130632.90697819128
2020-06-23,-130695.11312437138
2020-06-24,-130757.34889252587
2020-06-25,-130819.61429676038
2020-06-26,-130881.90935118741
2020-06-29,-130944.23406992607
2020-06-30,-131006.5884671022
2020-07-01,-131068.97255684846
2020-07-02,-131131.38635330411
2020-07-06,-131193.8298706152
2020-07-07,-131256.30312293454
2020-07-08,-131318.80612442168
2020-07-09,-131381.33888924282
2020-07-10,-131443.90143157102
2020-07-13,-131506.49376558606
2020-07-14,-131569.11590547443
2020-07-15,-131631.76786542943
2020-07-16,-131694.44965965103
2020-07-17,-131757.16130234613
2020-07-20,-131819.90280772818
2020-07-21,-131882.6741900176
2020-07-22,-131945.47546344143
2020-07-23,-132008.3066422335
2020-07-24,-132071.16774063458
2020-07-27,-132134.05877289205
2020-07-28,-132196.9797532601
2020-07-29,-132259.9306959997
2020-07-30,-132322.91161537878
2020-07-31,-132385.92252567178
2020-08-03,-132448.96344116025
2020-08-04,-132512.0343761322
2020-08-05,-132575.13534488273
2020-08-06,-135015.29874314222
2020-08-07,-135079.5917425437
2020-08-10,-135143.9153576592
2020-08-11,-135208.2696030676
2020-08-12,-135272.65449335478
2020-08-13,-135337.07004311352
2020-08-14,-135401.51626694357
2020-08-17,-135465.99317945165
2020-08-18,-135530.5007952514
2020-08-19,-135595.03912896343
2020-08-20,-135659.60819521532
2020-08-21,-135724.2080086416
2020-08-24,-135788.8385838838
2020-08-25,-135853.4999355904
2020-08-26,-135918.19207841688
2020-08-27,-135982.91502702565
2020-08-28,-136047.66879608613
2020-08-31,-136112.45340027474
2020-09-01,-136177.26885427488
2020-09-02,-136242.11517277692
2020-09-03,-136306.99237047823
2020-09-04,-136371.90046208323
2020-09-08,-136436.8394623033
2020-09-09,-136501.80938585676
2020-09-10,-136566.81024746905
2020-09-11,-136631.84206187262
2020-09-14,-136696.90484380687
2020-09-15,-136761.99860801818
2020-09-16,-136827.1233692601
2020-09-17,-136892.27914229306
2020-09-18,-136957.46594188467
2020-09-21,-137022.68378280936
2020-09-22,-137087.9326798488
2020-09-23,-137153.21264779157
2020-09-24,-137218.52370143338
2020-09-25,-137283.86585557694
2020-09-28,-137349.23912503198
2020-09-29,-137414.6435246153
2020-09-30,-141001.5696712937
2020-10-01,-141068.71327589906
2020-10-02,-146418.12475686378
2020-10-05,-146487.84767341462
2020-10-06,-146557.60379135437
2020-10-07,-146627.39312649315
2020-10-08,-146697.2156946486
2020-10-09,-146767.0715116461
2020-10-12,-146836.96059331828
2020-10-13,-146906.88295550557
2020-10-14,-146976.8386140558
2020-10-15,-147046.8275848244
2020-10-16,-147116.84988367432
2020-10-19,-147186.9055264761
2020-10-20,-147256.99452910773
2020-10-21,-147327.1169074549
2020-10-22,-147397.27267741086
2020-10-23,-147467.46185487628
2020-10-26,-147537.68445575953
2020-10-27,-147607.9404959766
2020-10-28,-147678.22999145085
2020-10-29,-147748.5529581135
2020-10-30,-150023.2736095221
2020-11-02,-150094.71326362187
2020-11-03,-150166.18693660453
2020-11-04,-150237.6946446696
2020-11-05,-150309.23640402418
2020-11-06,-150380.81223088328
2020-11-09,-150452.4221414694
2020-11-10,-150524.06615201297
2020-11-11,-150595.74427875195
2020-11-12,-150667.45653793236
2020-11-13,-144158.00727723257
2020-11-16,-144226.6539473646
2020-11-17,-144295.33330638713
2020-11-18,-144364.04536986636
2020-11-19,-144432.79015337583
2020-11-20,-144501.56767249646
2020-11-23,-144570.3779428167
2020-11-24,-144639.22097993235
2020-11-25,-144708.0967994466
2020-11-27,-144777.00541697012
2020-11-30,-144845.9468481211
2020-12-01,-144914.92110852496
2020-12-02,-144983.92821381474
2020-12-03,-145052.96817963084
2020-12-04,-145122.04102162112
2020-12-07,-145191.14675544095
2020-12-08,-145260.28539675302
2020-12-09,-145329.4569612277
2020-12-10,-145398.66146454262
2020-12-11,-150343.96975571616
2020-12-14,-150415.56212226654
2020-12-15,-150487.18858041998
2020-12-16,-150558.84914641062
2020-12-17,-150630.54383648038
2020-12-18,-150702.2726668787
2020-12-21,-150774.03565386293
2020-12-22,-150845.83281369813
2020-12-23,-150917.664162657
2020-12-24,-150989.5297170202
2020-12-28,-151061.4294930759
2020-12-29,-151133.36350712023
2020-12-30,-151205.33177545693
2020-12-31,-151277.33431439762
2021-01-04,-151349.37114026165
2021-01-05,-151421.44226937607
2021-01-06,-151493.54771807574
2021-01-07,-151565.6875027034
2021-01-08,-151637.86163960944
2021-01-11,-151710.07014515213
2021-01-12,-151782.31303569744
2021-01-13,-151854.59032761923
2021-01-14,-151926.902037299
2021-01-15,-151999.24818112628
2021-01-19,-152071.62877549825
2021-01-20,-152144.04383681997
2021-01-21,-152216.49338150411
2021-01-22,-152288.97742597148
2021-01-25,-152361.49598665055
2021-01-26,-152434.0490799775
2021-01-27,-152506.63672239656
2021-01-28,-152579.25893035962
2021-01-29,-152651.91572032642
2021-02-01,-152724.60710876467
2021-02-02,-152797.3331121498
2021-02-03,-152870.0937469651
2021-02-04,-152942.8890297018
2021-02-05,-153015.7189768588
2021-02-08,-153088.58360494304
2021-02-09,-153161.48293046918
2021-02-10,-153234.41696995986
2021-02-11,-153307.38573994554
2021-02-12,-153380.38925696458
2021-02-16,-153453.4275375631
2021-02-17,-153526.5005982953
2021-02-18,-153599.60845572306
2021-02-19,-153672.75112641626
2021-02-22,-153745.92862695263
2021-02-23,-153819.14097391788
2021-02-24,-153892.38818390545
2021-02-25,-153965.67027351685
2021-02-26,-154038.98725936137
2021-03-01,-154112.3391580563
2021-03-02,-154185.7259862268
2021-03-03,-154259.14776050596
2021-03-04,-154332.60449753475
2021-03-05,-154406.09621396216
2021-03-08,-154479.62292644498
2021-03-09,-154553.18465164804
2021-03-10,-154626.78140624412
2021-03-11,-154700.41320691374
2021-03-12,-154774.0800703456
2021-03-15,-154847.78201323622
2021-03-16,-154921.51905229012
2021-03-17,-154995.29120421986
2021-03-18,-155069.09848574564
2021-03-19,-155142.94091359602
2021-03-22,-155216.81850450722
2021-03-23,-155290.7312752237
2021-03-24,-155364.67924249757
2021-03-25,-155438.6624230893
2021-03-26,-155512.68083376694
2021-03-29,-155586.7344913068
2021-03-30,-155660.82341249316
2021-03-31,-155734.94761411817
2021-04-01,-155809.10711298202
2021-04-05,-155883.30192589294
2021-04-06,-155957.5320696672
2021-04-07,-156031.79756112894
2021-04-08,-156106.09841711045
2021-04-09,-156180.43465445194
2021-04-12,-156254.80629000164
2021-04-13,-156329.21334061594
2021-04-14,-156403.65582315906
2021-04-15,-156478.13375450345
2021-04-16,-156552.6471515294
2021-04-19,-156627.19603112538
2021-04-20,-156701.78041018778
2021-04-21,-156776.40030562124
2021-04-22,-156851.05573433818
2021-04-23,-156925.74671325932
2021-04-26,-157000.47325931326
2021-04-27,-157075.23538943674
2021-04-28,-157150.03312057455
2021-04-29,-157224.8664696796
2021-04-30,-157299.73545371278
2021-05-03,-157374.64008964307
2021-05-04,-157449.5803944477
2021-05-05,-157524.5563851117
2021-05-06,-157599.56807862845
2021-05-07,-157674.61549199923
2021-05-10,-157749.69864223353
2021-05-11,-157824.81754634882
2021-05-12,-157899.97222137096
2021-05-13,-157975.16268433345
2021-05-14,-158050.38895227842
2021-05-17,-158125.65104225566
2021-05-18,-158200.9489713234
2021-05-19,-158276.28275654788
2021-05-20,-158351.65241500334
2021-05-21,-158427.05796377244
2021-05-24,-158502.49941994564
2021-05-25,-158577.9768006218
2021-05-26,-158653.4901229078
2021-05-27,-158729.0394039187
2021-05-28,-158804.6246607777
2021-06-01,-158880.2459106162
2021-06-02,-158955.90317057364
2021-06-03,-159031.59645779766
2021-06-04,-159107.32578944426
2021-06-07,-159183.0911826773
2021-06-08,-159258.89265466906
2021-06-09,-159334.73022259987
2021-06-10,-159410.60390365828
2021-06-11,-159486.51371504093
2021-06-14,-159562.4596739529
2021-06-15,-159638.4417976071
2021-06-16,-159714.46010322502
2021-06-17,-159790.51460803612
2021-06-18,-159866.60532927804
2021-06-21,-159942.7322841967
2021-06-22,-160018.89549004636
2021-06-23,-160095.09496408922
2021-06-24,-160171.33072359592
2021-06-25,-160247.60278584526
2021-06-28,-160323.91116812424
2021-06-29,-160400.2558877281
2021-06-30,-160476.63696196038
2021-07-01,-160553.05440813274
2021-07-02,-160629.5082435652
2021-07-06,-160705.9984855859
2021-07-07,-160782.52515153144
2021-07-08,-160859.08825874643
2021-07-09,-160935.68782458396
2021-07-12,-161012.32386640518
2021-07-13,-161088.99640157967
2021-07-14,-161165.7054474852
2021-07-15,-161242.45102150776
2021-07-16,-161319.23314104186
2021-07-19,-161396.05182348995
2021-07-20,-161472.9070862631
2021-07-21,-161549.7989467803
2021-07-22,-161626.72742246927
2021-07-23,-161703.6925307657
2021-07-26,-161780.69428911366
2021-07-27,-161857.7327149656
2021-07-28,-161934.80782578225
2021-07-29,-166988.56834379456
2021-07-30,-167068.08670967256
2021-08-02,-167147.64294143906
2021-08-03,-167227.23705712546
2021-08-04,-167306.86907477168
2021-08-05,-167386.53901242636
2021-08-06,-167466.24688814653
2021-08-09,-167545.99271999806
2021-08-10,-167625.7765260552
2021-08-11,-167705.59832440095
2021-08-12,-167785.45813312684
2021-08-13,-167865.3559703331
2021-08-16,-167945.29185412847
2021-08-17,-168025.26580263046
2021-08-18,-168105.27783396505
2021-08-19,-168185.32796626695
2021-08-20,-168265.41621767945
2021-08-23,-168345.54260635455
2021-08-24,-168425.7071504528
2021-08-25,-168505.9098681435
2021-08-26,-168586.15077760443
2021-08-27,-168666.4298970224
2021-08-30,-168746.74724459244
2021-08-31,-168827.10283851842
2021-09-01,-168907.49669701295
2021-09-02,-168987.9288382973
2021-09-03,-169068.39928060118
2021-09-07,-169148.90804216338
2021-09-08,-169229.45514123107
2021-09-09,-169310.04059606028
2021-09-10,-169390.66442491554
2021-09-13,-169471.32664607023
2021-09-14,-169552.02727780645
2021-09-15,-169632.7663384149
2021-09-16,-169713.5438461951
2021-09-17,-169794.3598194552
2021-09-20,-169875.21427651212
2021-09-21,-169956.1072356914
2021-09-22,-170037.03871532745
2021-09-23,-170118.00873376336
2021-09-24,-170199.01730935083
2021-09-27,-170280.06446045052
2021-09-28,-170361.15020543168
2021-09-29,-170442.27456267236
2021-09-30,-170523.43755055935
2021-10-01,-170604.6391874882
2021-10-04,-170685.87949186322
2021-10-05,-170767.1584820974
2021-10-06,-170848.4761766127
2021-10-07,-170929.83259383967
2021-10-08,-171011.22775221764
2021-10-11,-171092.6616701949
2021-10-12,-171174.13436622836
2021-10-13,-171255.6458587837
2021-10-14,-171337.1961663355
2021-10-15,-171418.78530736704
2021-10-18,-171500.41330037056
2021-10-19,-171582.08016384693
2021-10-20,-171663.7859163059
2021-10-21,-171745.53057626606
2021-10-22,-171827.31416225477
2021-10-25,-171909.1366928082
2021-10-26,-171990.99818647146
2021-10-27,-172072.89866179836
2021-10-28,-172154.83813735162
2021-10-29,-172236.8166317027
2021-11-01,-172318.8341634321
2021-11-02,-172400.89075112896
2021-11-03,-172482.9864133914
2021-11-04,-172565.12116882636
2021-11-05,-172647.29503604962
2021-11-08,-172729.5080336858
2021-11-09,-172811.76018036852
2021-11-10,-172894.05149474015
2021-11-11,-172976.3819954519
2021-11-12,-173058.75170116403
2021-11-15,-173141.16063054552
2021-11-16,-173223.60880227436
2021-11-17,-173306.09623503737
2021-11-18,-173388.62294753024
2021-11-19,-173471.18895845764
2021-11-22,-173553.7942865331
2021-11-23,-173636.4389504791
2021-11-24,-173719.12296902688
2021-11-26,-173801.8463609169
2021-11-29,-173884.6091448983
2021-11-30,-173967.4113397292
2021-12-01,-174050.2529641767
2021-12-02,-174133.13403701683
2021-12-03,-174216.0545770344
2021-12-06,-174299.01460302345
2021-12-07,-174382.0141337868
2021-12-08,-174465.05318813625
2021-12-09,-174548.13178489247
2021-12-10,-174631.24994288528
2021-12-13,-174714.40768095336
2021-12-14,-174797.6050179443
2021-12-15,-174880.84197271473
2021-12-16,-174964.1185641303
2021-12-17,-175047.4348110656
2021-12-20,-175130.7907324042
2021-12-21,-175214.18634703863
2021-12-22,-175297.6216738706
2021-12-23,-175381.09673181057
2021-12-27,-175464.611539778
2021-12-28,-175548.1661167018
2021-12-29,-175631.76048151928
2021-12-30,-175715.39465317712
2021-12-31,-175799.068650631
2022-01-03,-175882.78249284564
2022-01-04,-175966.53619879458
2022-01-05,-176050.32978746068
2022-01-06,-176134.16327783567
2022-01-07,-176218.0366889203
2022-01-10,-176301.9500397246
2022-01-11,-176385.9033492673
2022-01-12,-176469.89663657648
2022-01-13,-176553.92992068917
2022-01-14,-183737.88250636565
2022-01-18,-183825.37673613057
2022-01-19,-183912.91262981447
2022-01-20,-184000.49020725724
2022-01-21,-191333.09433902256
2022-01-24,-198679.33851727928
2022-01-25,-206482.390666097
2022-01-26,-206580.7156140333
2022-01-27,-206679.08738337332
2022-01-28,-206777.50599641298
2022-01-31,-206875.9714754589
2022-02-01,-206974.48384282817
2022-02-02,-226309.5199879914
2022-02-03,-234513.01720108092
2022-02-04,-234624.6900664148
2022-02-07,-234736.4161093035
2022-02-08,-234848.19535506985
2022-02-09,-234960.02782904846
2022-02-10,-235071.91355658614
2022-02-11,-235183.85256304167
2022-02-14,-235295.8448737859
2022-02-15,-235407.89051420204
2022-02-16,-235519.98950968497
2022-02-17,-235632.141885642
2022-02-18,-239172.90953892082
2022-02-22,-239286.8014006061
2022-02-23,-239400.7474965111
2022-02-24,-239514.74785246182
2022-02-25,-239628.80249429634
2022-02-28,-239742.91144786504
2022-03-01,-256815.93047840567
2022-03-02,-256938.22377863346
2022-03-03,-262009.0381030519
2022-03-04,-262133.80431167243
2022-03-07,-271541.38818991603
2022-03-08,-271670.69361286366
2022-03-09,-271800.0606098222
2022-03-10,-277192.83187082683
2022-03-11,-277324.828457432
2022-03-14,-287931.9336424117
2022-03-15,-288069.04408700333
2022-03-16,-288206.2198222829
2022-03-17,-288343.4608793412
2022-03-18,-288480.7672892836
2022-03-21,-288618.139083231
2022-03-22,-288755.5762923182
2022-03-23,-288893.0789476955
2022-03-24,-289030.64708052773
2022-03-25,-289168.28072199464
2022-03-28,-289305.9799032908
2022-03-29,-282279.0678640801
2022-03-30,-282413.4864678249
2022-03-31,-282547.96908042865
2022-04-01,-282682.5157323717
2022-04-04,-282817.126454149
2022-04-05,-282951.80127627
2022-04-06,-305804.42737175873
2022-04-07,-305950.04852765
2022-04-08,-306095.73902694887
2022-04-11,-306241.49890267604
2022-04-12,-306387.3281878678
2022-04-13,-301517.95316149434
2022-04-14,-301661.5331391903
2022-04-18,-317410.77918830415
2022-04-19,-317561.9271783939
2022-04-20,-322167.8374151455
2022-04-21,-331408.0381532004
2022-04-22,-331565.85150470183
2022-04-25,-331723.74000541837
2022-04-26,-331881.7036911352
2022-04-27,-332039.74259765475
2022-04-28,-332197.85676079657
2022-04-29,-339794.9227900576
2022-05-02,-372064.46007677313
2022-05-03,-372241.6336291907
2022-05-04,-375218.97603483376
2022-05-05,-383939.0608894932
2022-05-06,-384121.8890137262
2022-05-09,-404668.6255475572
2022-05-10,-404861.32489305607
2022-05-11,-405054.11600014794
2022-05-12,-413090.0131536004
2022-05-13,-413286.7226836736
2022-05-16,-413483.5258849515
2022-05-17,-413680.4228020396
2022-05-18,-413877.4134795644
2022-05-19,-414074.4979621736
2022-05-20,-414271.67629453656
2022-05-23,-414468.94852134347
2022-05-24,-414666.314687306
2022-05-25,-414863.7748371572
2022-05-26,-415061.329015651
2022-05-27,-415258.9772675633
2022-05-31,-415456.7196376907
2022-06-01,-415654.5561708515
2022-06-02,-415852.4869118852
2022-06-03,-432740.0258230635
2022-06-06,-432946.0925020268
2022-06-07,-433152.25730798027
2022-06-08,-433358.52028765075
2022-06-09,-452671.95326278766
2022-06-10,-455808.4265857699
2022-06-13,-481521.8166772988
2022-06-14,-481751.1127804785
2022-06-15,-481980.5180722789
2022-06-16,-482210.03260469425
2022-06-17,-482439.65642974403
2022-06-21,-482669.3895994725
2022-06-22,-494421.9040409485
2022-06-23,-494657.3430428727
2022-06-24,-494892.8941586074
2022-06-27,-495128.5574415401
2022-06-28,-495364.3329450837
2022-06-29,-495600.2207226765
2022-06-30,-495836.2208277826
2022-07-01,-523932.3178775071
2022-07-05,-536258.8076717346
2022-07-06,-536514.169008721
2022-07-07,-536769.6519463443
2022-07-08,-537025.2565425092
2022-07-11,-537280.9828551486
2022-07-12,-537536.8309422224
2022-07-13,-537792.8008617188
2022-07-14,-538048.8926716528
2022-07-15,-538305.1064300679
2022-07-18,-538561.4421950347
2022-07-19,-538817.9000246513
2022-07-20,-539074.479977044
2022-07-21,-539331.1821103664
2022-07-22,-544669.1249113714
2022-07-25,-544928.4911613291
2022-07-26,-545187.980919025
2022-07-27,-545447.5942432722
2022-07-28,-545707.3311929118
2022-07-29,-567030.5093915453
2022-08-01,-567300.523919827
2022-08-02,-567570.6670264554
2022-08-03,-598520.8693566987
2022-08-04,-598805.8792944878
2022-08-05,-599091.0249512946
2022-08-08,-599376.3063917476
2022-08-09,-599661.7236805056
2022-08-10,-599947.2768822582
2022-08-11,-600232.966061726
2022-08-12,-600518.7912836601
2022-08-15,-600804.7526128427
2022-08-16,-601090.8501140871
2022-08-17,-608998.7614950937
2022-08-18,-609288.7609053294
2022-08-19,-609578.8984105225
2022-08-22,-609869.1740764322
2022-08-23,-610159.5879688496
2022-08-24,-610450.1401535966
2022-08-25,-610740.830696527
2022-08-26,-611031.6596635251
2022-08-29,-611322.6271205079
2022-08-30,-611613.7331334224
2022-08-31,-611904.9777682478
2022-09-01,-663761.8285288294
2022-09-02,-664077.9055900336
2022-09-06,-664394.1331641241
2022-09-07,-664710.5113227738
2022-09-08,-665027.0401376893
2022-09-09,-665343.719680612
2022-09-12,-665660.5500233171
2022-09-13,-680626.202694087
2022-09-14,-680950.3104096557
2022-09-15,-681274.5724622317
2022-09-16,-691952.4768110233
2022-09-19,-698322.6031095047
2022-09-20,-698655.1376824141
2022-09-21,-698987.83060512
2022-09-22,-741786.6872041431
2022-09-23,-746498.899301919
2022-09-26,-746854.3749682533
2022-09-27,-747210.0199087143
2022-09-28,-747565.834203909
2022-09-29,-747921.8179344821
2022-09-30,-748277.9711811178
2022-10-03,-763576.6744946265
2022-10-04,-763940.282434862
2022-10-05,-764304.0635217358
2022-10-06,-764668.0178376986
2022-10-07,-774093.0831438117
2022-10-10,-774461.6988976898
2022-10-11,-774830.4901828791
2022-10-12,-775199.4570829661
2022-10-13,-775568.5996815771
2022-10-14,-775937.9180623782
2022-10-17,-776307.4123090743
2022-10-18,-776677.0825054122
2022-10-19,-777046.9287351765
2022-10-20,-777416.9510821932
2022-10-21,-786775.3401838989
2022-10-24,-787149.995107796
2022-10-25,-787524.8284387997
2022-10-26,-787899.8402618659
2022-10-27,-839134.5258862999
2022-10-28,-839534.1137557698
2022-10-31,-839933.891905177
2022-11-01,-862896.1491490382
2022-11-02,-863307.0520772042
2022-11-03,-863718.1506734316
2022-11-04,-864129.4450308951
2022-11-07,-864540.9352428148
2022-11-08,-864952.6214024541
2022-11-09,-865364.5036031218
2022-11-10,-865776.5819381712
2022-11-11,-866188.8565009988
2022-11-14,-866601.327385047
2022-11-15,-867013.9946838015
2022-11-16,-867426.8584907938
2022-11-17,-867839.9188995992
2022-11-18,-868253.1760038368
2022-11-21,-868666.629897172
2022-11-22,-869080.2806733135
2022-11-23,-869494.1284260151
2022-11-25,-869908.1732490752
2022-11-28,-870322.4152363369
2022-11-29,-870736.8544816874
2022-11-30,-871151.4910790594
2022-12-01,-871566.3251224305
2022-12-02,-871981.356705822
2022-12-05,-872396.585923301
2022-12-06,-872812.0128689789
2022-12-07,-873227.6376370116
2022-12-08,-873643.4603216008
2022-12-09,-874059.4810169919
2022-12-12,-874475.6998174761
2022-12-13,-874892.1168173894
2022-12-14,-875308.732111112
2022-12-15,-875725.5457930696
2022-12-16,-876142.5579577329
2022-12-19,-876559.7686996177
2022-12-20,-876977.1781132842
2022-12-21,-877394.7862933382
2022-12-22,-877812.5933344304
2022-12-23,-878230.5993312561
2022-12-27,-885620.2825499852
2022-12-28,-886042.0064940567
2022-12-29,-886463.9312590539
2022-12-30,-886886.0569406055
2023-01-03,-887308.3836343869
2023-01-04,-887730.9114361176
2023-01-05,-888153.6404415634
2023-01-06,-888576.5707465356
2023-01-09,-888999.7024468912
2023-01-10,-899880.2528956754
2023-01-11,-900308.767301816
2023-01-12,-900737.4857624358
2023-01-13,-901166.408374704
2023-01-17,-901595.5352358345
2023-01-18,-902024.8664430899
2023-01-19,-902454.402093777
2023-01-20,-902884.1422852502
2023-01-23,-903314.08711491
2023-01-24,-903744.2366802025
2023-01-25,-904174.5910786218
2023-01-26,-904605.150407707
2023-01-27,-905035.9147650439
2023-01-30,-905466.8842482654
2023-01-31,-905898.0589550502
2023-02-01,-906329.438983124
2023-02-02,-906761.0244302588
2023-02-03,-907192.8153942731
2023-02-06,-907624.8119730323
2023-02-07,-908057.0142644482
2023-02-08,-908489.422366479
2023-02-09,-908922.0363771296
2023-02-10,-909354.8563944518
2023-02-13,-909787.8825165447
2023-02-14,-910221.1148415525
2023-02-15,-910654.5534676675
2023-02-16,-911088.1984931284
2023-02-17,-911522.0500162203
2023-02-21,-911956.1081352757
2023-02-22,-912390.3729486736
2023-02-23,-912824.8445548394
2023-02-24,-913259.5230522464
2023-02-27,-913694.4085394142
2023-02-28,-914129.501114909
2023-03-01,-914564.8008773449
2023-03-02,-915000.3079253817
2023-03-03,-915436.0223577273
2023-03-06,-915871.9442731356
2023-03-07,-916308.0737704085
2023-03-08,-916744.4109483942
2023-03-09,-917180.9559059886
2023-03-10,-917617.7087421346
2023-03-13,-918054.6695558212
2023-03-14,-918491.8384460858
2023-03-15,-918929.2155120126
2023-03-16,-919366.8008527328
2023-03-17,-919804.5945674245
2023-03-20,-920242.5967553136
2023-03-21,-920680.8075156732
2023-03-22,-921119.2269478238
2023-03-23,-921557.8551511321
2023-03-24,-921996.6922250136
2023-03-27,-922435.7382689301
2023-03-28,-922874.9933823918
2023-03-29,-923314.4576649546
2023-03-30,-923754.1312162239
2023-03-31,-924194.0141358505
2023-04-03,-924634.1065235344
2023-04-04,-925074.4084790216
2023-04-05,-925514.9201021069
2023-04-06,-925955.6414926316
2023-04-10,-926396.5727504854
2023-04-11,-926837.7139756047
2023-04-12,-927279.0652679739
2023-04-13,-927720.6267276255
2023-04-14,-928162.3984546385
2023-04-17,-928604.3805491405
2023-04-18,-929046.5731113069
2023-04-19,-929488.9762413598
2023-04-20,-929931.59003957
2023-04-21,-930374.4146062556
2023-04-24,-930817.4500417825
2023-04-25,-931260.6964465642
2023-04-26,-931704.1539210625
2023-04-27,-870409.9639246375
2023-04-28,-870824.4448598397
2023-05-01,-871239.1231669157
2023-05-02,-871653.9989398525
2023-05-03,-854594.6356438904
2023-05-04,-855001.5854703874
2023-05-05,-855408.7290825162
2023-05-08,-855816.0665725557
2023-05-09,-856223.5980328283
2023-05-10,-856631.323555701
2023-05-11,-857039.2432335843
2023-05-12,-857447.3571589338
2023-05-15,-857855.6654242477
2023-05-16,-841518.3034532386
2023-05-17,-827535.3010793324
2023-05-18,-827929.3655084177
2023-05-19,-828323.6175872316
2023-05-22,-812475.4332223174
2023-05-23,-812862.3262857567
2023-05-24,-813249.4035839881
2023-05-25,-813636.6652047422
2023-05-26,-814024.1112357919
2023-05-30,-780834.8368840646
2023-05-31,-781206.6629968662
2023-06-01,-766784.3833418782
2023-06-02,-754666.7818998275
2023-06-05,-741729.8459407156
2023-06-06,-742083.0506292589
2023-06-07,-742436.4235105107
2023-06-08,-742789.9646645633
2023-06-09,-743143.6741715466
2023-06-12,-743497.5521116281
2023-06-13,-743851.5985650147
2023-06-14,-744205.8136119505
2023-06-15,-729503.5160550475
2023-06-16,-729850.8986817406
2023-06-20,-730198.4467287319
2023-06-21,-730546.160274793
2023-06-22,-730894.0393987335
2023-06-23,-731242.0841793995
2023-06-26,-731590.2946956756
2023-06-27,-731938.671026483
2023-06-28,-732287.2132507815
2023-06-29,-732635.9214475672
2023-06-30,-732984.795695876
2023-07-03,-733333.8360747785
2023-07-05,-37190.67040194531
2023-07-06,-37208.38024499385
2023-07-07,-37226.098521301
2023-07-10,-37243.82523488257
2023-07-11,-37261.56038975633
2023-07-12,-37279.303989941924
2023-07-13,-37297.056039460935
2023-07-14,-37314.81654233687
2023-07-17,-37332.58550259513
2023-07-18,-33880.57442420053
2023-07-19,-33896.708031069196
2023-07-20,-33912.849320607806
2023-07-21,-33928.99829647476
2023-07-24,-33945.15496233023
2023-07-25,-33961.3193218361
2023-07-26,-33977.49137865602
2023-07-27,-33993.67113645538
2023-07-28,-34009.858598901315
2023-07-31,-34026.05376966269
2023-08-01,-34042.25665241016
2023-08-02,-34058.46725081606
2023-08-03,-34074.685568554545
2023-08-04,-34090.911609301475
2023-08-07,-34107.14537673447
2023-08-08,-34123.386874532924
2023-08-09,-34139.63610637793
2023-08-10,-34155.8930759524
2023-08-11,-34172.157786940945
2023-08-14,-34188.430243029965
2023-08-15,-34204.71044790759
2023-08-16,-34220.998405263745
2023-08-17,-34237.29411879006
2023-08-18,-34253.597592179955
2023-08-21,-34269.90882912862
2023-08-22,-34286.22783333297
2023-08-23,-34302.55460849169
2023-08-24,-34318.88915830526
2023-08-25,-34335.23148647589
2023-08-28,-34351.58159670754
2023-08-29,-34367.93949270598
2023-08-30,-34384.30517817869
2023-08-31,-34400.67865683496
2023-09-01,-34417.05993238584
2023-09-05,-34433.44900854412
2023-09-06,-34449.84588902438
2023-09-07,-34466.25057754296
2023-09-08,-34482.66307781798
2023-09-11,-34499.08339356932
2023-09-12,-34515.51152851864
2023-09-13,-34531.94748638937
2023-09-14,-34548.39127090669
2023-09-15,-34564.8428857976
2023-09-18,-34581.30233479084
2023-09-19,-34597.76962161693
2023-09-20,-34614.244750008176
2023-09-21,-34630.727723698656
2023-09-22,-34647.21854642423
2023-09-25,-34663.71722192253
2023-09-26,-34680.22375393297
2023-09-27,-34696.738146196745
2023-09-28,-34713.260402456835
2023-09-29,-34729.79052645801
2023-10-02,-34746.328521946794
2023-10-03,-34762.87439267153
2023-10-04,-34779.42814238233
2023-10-05,-34795.98977483108
2023-10-06,-34812.559293771475
2023-10-09,-34829.13670295899
2023-10-10,-34845.72200615088
2023-10-11,-34862.315207106185
2023-10-12,-34878.916309585766
2023-10-13,-34895.525317352236
2023-10-16,-34912.14223417002
2023-10-17,-34928.76706380534
2023-10-18,-34945.3998100262
2023-10-19,-34962.0404766024
2023-10-20,-34978.689067305546
2023-10-23,-34995.34558590903
2023-10-24,-35012.01003618803
2023-10-25,-35028.68242191955
2023-10-26,-35045.36274688237
2023-10-27,-35062.051014857076
2023-10-30,-35078.74722962605
2023-10-31,-35095.4513949735
2023-11-01,-35112.16351468539
2023-11-02,-35128.88359254953
2023-11-03,-35145.6116323555
2023-11-06,-35162.34763789472
2023-11-07,-35179.09161296039
2023-11-08,-23919.71701286865
2023-11-09,-23931.10735430335
2023-11-10,-23942.503119710163
2023-11-13,-23953.904311671926
2023-11-14,-23965.310932772725
2023-11-15,-23976.72298559785
2023-11-16,-23988.140472733852
2023-11-17,-23999.563396768488
2023-11-20,-24010.99176029076
2023-11-21,-24022.425565890895
2023-11-22,-24033.864816160367
2023-11-24,-24045.30951369187
2023-11-27,-24056.759661079348
2023-11-28,-24068.215260917954
2023-11-29,-24079.676315804107
2023-11-30,-24091.142828335443
2023-12-01,-24102.61480111084
2023-12-04,-24114.09223673042
2023-12-05,-24125.57513779553
2023-12-06,-24137.063506908766
2023-12-07,-24148.55734667396
2023-12-08,-24160.056659696183
2023-12-11,-24171.561448581757
2023-12-12,-24183.071715938222
2023-12-13,-24194.587464374385
2023-12-14,-24206.108696500276
2023-12-15,-24217.63541492718
2023-12-18,-24229.167622267625
2023-12-19,-24240.70532113537
2023-12-20,-24252.248514145434
2023-12-21,-24263.797203914073
2023-12-22,-24275.351393058794
2023-12-26,-24286.91108419835
2023-12-27,-24298.47627995273
2023-12-28,-24310.046982943182
2023-12-29,-24321.623195792206
2024-01-02,-24333.20492112353
2024-01-03,-24344.79216156216
2024-01-04,-24356.384919734337
2024-01-05,-24367.98319826754
2024-01-08,-24379.586999790525
2024-01-09,-24391.196326933285
2024-01-10,-24402.81118232706
2024-01-11,-24414.431568604356
2024-01-12,-14374.036615444475
2024-01-16,-14380.881394785161
2024-01-17,-14387.729433544582
2024-01-18,-14394.58073327484
2024-01-19,-14401.435295528783
2024-01-22,-14408.293121859986
2024-01-23,-14415.154213822778
2024-01-24,-14422.018572972216
2024-01-25,-14428.886200864108
2024-01-26,-14435.757099054996
2024-01-29,-14442.631269102163
2024-01-30,-14449.508712563642
2024-01-31,-14456.389430998195
2024-02-01,-7370.478182154828
2024-02-02,-7373.98793367014
2024-02-05,-7377.499356495697
2024-02-06,-7381.012451427363
2024-02-07,-7384.527219261375
2024-02-08,-7388.043660794356
2024-02-09,-7391.561776823304
2024-02-12,-7395.0815681456015
2024-02-13,-7398.603035559006
2024-02-14,-7402.126179861652
2024-02-15,-7405.651001852061
2024-02-16,-7409.177502329134
2024-02-20,-7412.705682092146
2024-02-21,-7416.23554194076
2024-02-22,-7419.767082675018
2024-02-23,-7423.30030509534
2024-02-26,-7426.835210002529
2024-02-27,-7430.37179819777
2024-02-28,-7433.910070482627
2024-02-29,-7437.450027659048
2024-03-01,-7440.991670529361
2024-03-04,-7444.534999896278
2024-03-05,-7448.080016562896
2024-03-06,-7451.626721332687
2024-03-07,-7455.1751150095115
2024-03-08,-7458.725198397612
2024-03-11,-7462.276972301611
2024-03-12,-7465.830437526516
2024-03-13,-7469.385594877719
2024-03-14,-7472.942445160994
2024-03-15,-7476.500989182499
2024-03-18,-7480.061227748776
2024-03-19,-7483.623161666754
2024-03-20,-7487.186791743737
2024-03-21,-7490.7521187874245
2024-03-22,-12464.684857891607
2024-03-25,-12470.62042210965
2024-03-26,-12476.558812786847
2024-03-27,-12482.500031269126
2024-03-28,-12488.444078903063
2024-04-01,-12494.390957035876
2024-04-02,-12500.340667015415
2024-04-03,-12506.293210190182
2024-04-04,-12512.248587909322
2024-04-05,-12518.20680152261
2024-04-08,-12524.16785238048
2024-04-09,-12530.131741833995
2024-04-10,-12536.098471234869
2024-04-11,-12542.068041935456
2024-04-12,-12548.04045528876
2024-04-15,-12554.015712648423
2024-04-16,-12559.993815368733
2024-04-17,-12565.974764804621
2024-04-18,-12571.958562311673
2024-04-19,-12577.945209246107
2024-04-22,-12583.934706964796
2024-04-23,-12589.927056825256
2024-04-24,-12595.922260185649
2024-04-25,-12601.920318404784
2024-04-26,-12607.92123284212
2024-04-29,-12613.925004857758
2024-04-30,-12619.931635812452
2024-05-01,-12625.941127067603
2024-05-02,-12631.953479985254
2024-05-03,-12637.968695928106
2024-05-06,-12643.986776259499
2024-05-07,-12650.007722343433
2024-05-08,-12656.03153554455
2024-05-09,-12662.058217228143
2024-05-10,-12668.087768760155
2024-05-13,-12674.120191507183
2024-05-14,-22082.15839611675
2024-05-15,-22092.673709638708
2024-05-16,-22103.194030452825
2024-05-17,-22113.71936094352
2024-05-20,-22124.249703496345
2024-05-21,-22134.785060498012
2024-05-22,-22145.325434336344
2024-05-23,-22155.870827400315
2024-05-24,-22166.42124208003
2024-05-28,-22176.976680766733
2024-05-29,-22187.537145852813
2024-05-30,-22198.10263973179
2024-05-31,-22208.673164798332
2024-06-03,-22219.248723448232
2024-06-04,-22229.829318078446
2024-06-05,-22240.414951087056
2024-06-06,-22251.005624873287
2024-06-07,-22261.601341837515
2024-06-10,-22272.202104381246
2024-06-11,-22282.807914907142
2024-06-12,-22293.418775819
2024-06-13,-22304.034689521766
2024-06-14,-22314.655658421543
2024-06-17,-22325.281684925554
2024-06-18,-22335.912771442185
2024-06-20,-22346.548920380963
2024-06-21,-22357.190134152574
2024-06-24,-22367.83641516884
2024-06-25,-22378.48776584273
2024-06-26,-22389.14418858837
2024-06-27,-22399.805685821033
2024-06-28,-22410.47225995714
2024-07-01,-22421.143913414257
2024-07-02,-22431.820648611123
2024-07-03,-22442.502467967606
2024-07-05,-22453.18937390473
2024-07-08,-22463.88136884469
2024-07-09,-22474.5784552108
2024-07-10,-22485.28063542757
2024-07-11,-22495.98791192063
2024-07-12,-22506.700287116786
2024-07-15,-22517.41776344398
2024-07-16,-22528.140343331335
2024-07-17,-22538.868029209116
2024-07-18,-22549.600823508736
2024-07-19,-22560.33872866279
2024-07-22,-22571.08174710501
2024-07-23,-22581.8298812703
2024-07-24,-22592.58313359471
2024-07-25,-22603.341506515473
2024-07-26,-22614.105002470955
2024-07-29,-22624.8736239007
2024-07-30,-22635.647373245418
2024-07-31,-22646.426252946963
2024-08-01,-22657.210265448368
2024-08-02,-22667.999413193815
2024-08-05,-22678.793698628673
2024-08-06,-22689.593124199448
2024-08-07,-22700.39769235383
2024-08-08,-22711.207405540663
2024-08-09,-22722.02226620997
2024-08-12,-22732.842276812928
2024-08-13,-22743.667439801884
2024-08-14,-22754.49775763036
2024-08-15,-22765.333232753044
2024-08-16,-22776.17386762578
2024-08-19,-22787.019664705604
2024-08-20,-22797.870626450705
2024-08-21,-22808.726755320444
2024-08-22,-22819.588053775355
2024-08-23,-22830.454524277156
2024-08-26,-22841.326169288717
2024-08-27,-22852.20299127409
2024-08-28,-22863.084992698507
2024-08-29,-22873.972176028365
2024-08-30,-22884.864543731237
2024-09-03,-22895.762098275867
2024-09-04,-22906.66484213219
2024-09-05,-22917.572777771304
2024-09-06,-22928.485907665476
2024-09-09,-22939.404234288177
2024-09-10,-22950.32776011403
2024-09-11,-22961.25648761884
2024-09-12,-22972.190419279614
2024-09-13,-22983.12955757451
2024-09-16,-22994.073904982877
2024-09-17,-23005.02346398525
2024-09-18,-23015.97823706334
2024-09-19,-23026.938226700036
2024-09-20,-23037.90343537942
2024-09-23,-23048.873865586742
2024-09-24,-23059.84951980845
2024-09-25,-23070.83040053217
2024-09-26,-23081.816510246706
2024-09-27,-23092.807851442063
2024-09-30,-23103.804426609415
2024-10-01,-23114.806238241137
2024-10-02,-23125.813288830774
2024-10-03,-23136.825580873076
2024-10-04,-23147.843116863965
2024-10-07,-23158.865899300567
2024-10-08,-23169.893930681188
2024-10-09,-23180.927213505318
2024-10-10,-23191.96575027366
2024-10-11,-23203.00954348807
2024-10-14,-23214.058595651637
2024-10-15,-23225.112909268617
2024-10-16,-23236.172486844458
2024-10-17,-23247.237330885815
2024-10-18,-23258.30744390052
2024-10-21,-23269.382828397618
2024-10-22,-23280.463486887333
2024-10-23,-23291.549421881085
2024-10-24,-23302.640635891505
2024-10-25,-23313.73713143241
2024-10-28,-23324.838911018804
2024-10-29,-23335.945977166906
2024-10-30,-23347.058332394132
2024-10-31,-23358.17597921908
2024-11-01,-23369.298920161564
2024-11-04,-23380.427157742597
2024-11-05,-23391.56069448438
2024-11-06,-23402.699532910327
2024-11-07,-23413.843675545046
2024-11-08,-23424.993124914352
2024-11-11,-23436.147883545265
2024-11-12,-23447.307953966003
2024-11-13,-23458.473338705982
2024-11-14,-23469.644040295847
2024-11-15,-23480.82006126741
